az;el;distance
-90.00;-10.00;259
-89.00;-10.00;260
-88.00;-10.00;261
-87.00;-10.00;262
-86.00;-10.00;261
-85.00;-10.00;259
-84.00;-10.00;263
-83.00;-10.00;264
-82.00;-10.00;262
-81.00;-10.00;265
-80.00;-10.00;266
-79.00;-10.00;264
-78.00;-10.00;265
-77.00;-10.00;267
-76.00;-10.00;264
-75.00;-10.00;267
-74.00;-10.00;267
-73.00;-10.00;268
-72.00;-10.00;267
-71.00;-10.00;271
-70.00;-10.00;274
-69.00;-10.00;272
-68.00;-10.00;274
-67.00;-10.00;274
-66.00;-10.00;276
-65.00;-10.00;278
-64.00;-10.00;282
-63.00;-10.00;281
-62.00;-10.00;284
-61.00;-10.00;283
-60.00;-10.00;286
-59.00;-10.00;287
-58.00;-10.00;287
-57.00;-10.00;288
-56.00;-10.00;291
-55.00;-10.00;290
-54.00;-10.00;294
-53.00;-10.00;292
-52.00;-10.00;291
-51.00;-10.00;298
-50.00;-10.00;294
-49.00;-10.00;298
-48.00;-10.00;296
-47.00;-10.00;302
-46.00;-10.00;305
-45.00;-10.00;300
-44.00;-10.00;305
-43.00;-10.00;304
-42.00;-10.00;308
-41.00;-10.00;307
-40.00;-10.00;308
-39.00;-10.00;308
-38.00;-10.00;313
-37.00;-10.00;308
-36.00;-10.00;308
-35.00;-10.00;308
-34.00;-10.00;308
-33.00;-10.00;311
-32.00;-10.00;304
-31.00;-10.00;308
-30.00;-10.00;310
-29.00;-10.00;306
-28.00;-10.00;301
-27.00;-10.00;305
-26.00;-10.00;304
-25.00;-10.00;305
-24.00;-10.00;303
-23.00;-10.00;302
-22.00;-10.00;302
-21.00;-10.00;302
-20.00;-10.00;305
-19.00;-10.00;305
-18.00;-10.00;298
-17.00;-10.00;305
-16.00;-10.00;299
-15.00;-10.00;298
-14.00;-10.00;301
-13.00;-10.00;297
-12.00;-10.00;299
-11.00;-10.00;304
-10.00;-10.00;302
-9.00;-10.00;301
-8.00;-10.00;299
-7.00;-10.00;299
-6.00;-10.00;300
-5.00;-10.00;297
-4.00;-10.00;304
-3.00;-10.00;295
-2.00;-10.00;303
-1.00;-10.00;301
0.00;-10.00;297
1.00;-10.00;295
2.00;-10.00;296
3.00;-10.00;304
4.00;-10.00;299
5.00;-10.00;298
6.00;-10.00;295
7.00;-10.00;298
8.00;-10.00;300
9.00;-10.00;296
10.00;-10.00;301
11.00;-10.00;299
12.00;-10.00;299
13.00;-10.00;302
14.00;-10.00;299
15.00;-10.00;303
16.00;-10.00;301
17.00;-10.00;302
18.00;-10.00;304
19.00;-10.00;305
20.00;-10.00;308
21.00;-10.00;301
22.00;-10.00;302
23.00;-10.00;299
24.00;-10.00;299
25.00;-10.00;304
26.00;-10.00;305
27.00;-10.00;302
28.00;-10.00;304
29.00;-10.00;305
30.00;-10.00;307
31.00;-10.00;310
32.00;-10.00;307
33.00;-10.00;310
34.00;-10.00;309
35.00;-10.00;314
36.00;-10.00;308
37.00;-10.00;310
38.00;-10.00;315
39.00;-10.00;308
40.00;-10.00;310
41.00;-10.00;311
42.00;-10.00;316
43.00;-10.00;309
44.00;-10.00;312
45.00;-10.00;309
46.00;-10.00;312
47.00;-10.00;315
48.00;-10.00;319
49.00;-10.00;317
50.00;-10.00;318
51.00;-10.00;319
52.00;-10.00;316
53.00;-10.00;316
54.00;-10.00;313
55.00;-10.00;319
56.00;-10.00;315
57.00;-10.00;314
58.00;-10.00;316
59.00;-10.00;312
60.00;-10.00;313
61.00;-10.00;310
62.00;-10.00;310
63.00;-10.00;310
64.00;-10.00;312
65.00;-10.00;312
66.00;-10.00;308
67.00;-10.00;310
68.00;-10.00;312
69.00;-10.00;306
70.00;-10.00;307
71.00;-10.00;305
72.00;-10.00;307
73.00;-10.00;304
74.00;-10.00;305
75.00;-10.00;298
76.00;-10.00;298
77.00;-10.00;296
78.00;-10.00;302
79.00;-10.00;296
80.00;-10.00;297
81.00;-10.00;293
82.00;-10.00;293
83.00;-10.00;291
84.00;-10.00;289
85.00;-10.00;291
86.00;-10.00;288
87.00;-10.00;287
88.00;-10.00;285
89.00;-10.00;287
-90.00;-6.00;262
-89.00;-6.00;265
-88.00;-6.00;268
-87.00;-6.00;262
-86.00;-6.00;263
-85.00;-6.00;263
-84.00;-6.00;266
-83.00;-6.00;267
-82.00;-6.00;267
-81.00;-6.00;264
-80.00;-6.00;264
-79.00;-6.00;264
-78.00;-6.00;265
-77.00;-6.00;266
-76.00;-6.00;270
-75.00;-6.00;269
-74.00;-6.00;268
-73.00;-6.00;271
-72.00;-6.00;269
-71.00;-6.00;272
-70.00;-6.00;275
-69.00;-6.00;275
-68.00;-6.00;278
-67.00;-6.00;282
-66.00;-6.00;278
-65.00;-6.00;284
-64.00;-6.00;283
-63.00;-6.00;289
-62.00;-6.00;288
-61.00;-6.00;292
-60.00;-6.00;295
-59.00;-6.00;292
-58.00;-6.00;302
-57.00;-6.00;299
-56.00;-6.00;300
-55.00;-6.00;301
-54.00;-6.00;301
-53.00;-6.00;309
-52.00;-6.00;307
-51.00;-6.00;309
-50.00;-6.00;313
-49.00;-6.00;314
-48.00;-6.00;319
-47.00;-6.00;323
-46.00;-6.00;320
-45.00;-6.00;323
-44.00;-6.00;321
-43.00;-6.00;331
-42.00;-6.00;329
-41.00;-6.00;336
-40.00;-6.00;341
-39.00;-6.00;339
-38.00;-6.00;340
-37.00;-6.00;340
-36.00;-6.00;343
-35.00;-6.00;350
-34.00;-6.00;344
-33.00;-6.00;342
-32.00;-6.00;350
-31.00;-6.00;349
-30.00;-6.00;350
-29.00;-6.00;352
-28.00;-6.00;350
-27.00;-6.00;350
-26.00;-6.00;352
-25.00;-6.00;349
-24.00;-6.00;344
-23.00;-6.00;347
-22.00;-6.00;348
-21.00;-6.00;347
-20.00;-6.00;345
-19.00;-6.00;349
-18.00;-6.00;345
-17.00;-6.00;346
-16.00;-6.00;346
-15.00;-6.00;342
-14.00;-6.00;340
-13.00;-6.00;342
-12.00;-6.00;348
-11.00;-6.00;348
-10.00;-6.00;346
-9.00;-6.00;347
-8.00;-6.00;341
-7.00;-6.00;344
-6.00;-6.00;343
-5.00;-6.00;342
-4.00;-6.00;346
-3.00;-6.00;342
-2.00;-6.00;343
-1.00;-6.00;343
0.00;-6.00;346
1.00;-6.00;337
2.00;-6.00;343
3.00;-6.00;339
4.00;-6.00;341
5.00;-6.00;341
6.00;-6.00;343
7.00;-6.00;345
8.00;-6.00;343
9.00;-6.00;342
10.00;-6.00;349
11.00;-6.00;345
12.00;-6.00;346
13.00;-6.00;354
14.00;-6.00;350
15.00;-6.00;351
16.00;-6.00;351
17.00;-6.00;353
18.00;-6.00;348
19.00;-6.00;357
20.00;-6.00;357
21.00;-6.00;348
22.00;-6.00;354
23.00;-6.00;358
24.00;-6.00;355
25.00;-6.00;361
26.00;-6.00;355
27.00;-6.00;360
28.00;-6.00;357
29.00;-6.00;355
30.00;-6.00;358
31.00;-6.00;358
32.00;-6.00;361
33.00;-6.00;359
34.00;-6.00;368
35.00;-6.00;361
36.00;-6.00;366
37.00;-6.00;365
38.00;-6.00;370
39.00;-6.00;364
40.00;-6.00;362
41.00;-6.00;358
42.00;-6.00;364
43.00;-6.00;370
44.00;-6.00;365
45.00;-6.00;366
46.00;-6.00;358
47.00;-6.00;357
48.00;-6.00;361
49.00;-6.00;354
50.00;-6.00;359
51.00;-6.00;354
52.00;-6.00;354
53.00;-6.00;357
54.00;-6.00;352
55.00;-6.00;342
56.00;-6.00;350
57.00;-6.00;342
58.00;-6.00;342
59.00;-6.00;337
60.00;-6.00;333
61.00;-6.00;336
62.00;-6.00;337
63.00;-6.00;331
64.00;-6.00;330
65.00;-6.00;324
66.00;-6.00;328
67.00;-6.00;326
68.00;-6.00;319
69.00;-6.00;322
70.00;-6.00;319
71.00;-6.00;316
72.00;-6.00;315
73.00;-6.00;314
74.00;-6.00;310
75.00;-6.00;308
76.00;-6.00;308
77.00;-6.00;305
78.00;-6.00;304
79.00;-6.00;300
80.00;-6.00;297
81.00;-6.00;297
82.00;-6.00;299
83.00;-6.00;296
84.00;-6.00;293
85.00;-6.00;289
86.00;-6.00;288
87.00;-6.00;289
88.00;-6.00;287
89.00;-6.00;289
-90.00;-2.00;256
-89.00;-2.00;261
-88.00;-2.00;260
-87.00;-2.00;261
-86.00;-2.00;261
-85.00;-2.00;268
-84.00;-2.00;264
-83.00;-2.00;263
-82.00;-2.00;265
-81.00;-2.00;267
-80.00;-2.00;262
-79.00;-2.00;264
-78.00;-2.00;265
-77.00;-2.00;262
-76.00;-2.00;266
-75.00;-2.00;270
-74.00;-2.00;270
-73.00;-2.00;271
-72.00;-2.00;270
-71.00;-2.00;273
-70.00;-2.00;273
-69.00;-2.00;274
-68.00;-2.00;276
-67.00;-2.00;278
-66.00;-2.00;287
-65.00;-2.00;284
-64.00;-2.00;285
-63.00;-2.00;285
-62.00;-2.00;292
-61.00;-2.00;294
-60.00;-2.00;295
-59.00;-2.00;300
-58.00;-2.00;303
-57.00;-2.00;305
-56.00;-2.00;310
-55.00;-2.00;309
-54.00;-2.00;311
-53.00;-2.00;313
-52.00;-2.00;319
-51.00;-2.00;321
-50.00;-2.00;318
-49.00;-2.00;328
-48.00;-2.00;330
-47.00;-2.00;332
-46.00;-2.00;338
-45.00;-2.00;339
-44.00;-2.00;344
-43.00;-2.00;349
-42.00;-2.00;350
-41.00;-2.00;358
-40.00;-2.00;361
-39.00;-2.00;361
-38.00;-2.00;367
-37.00;-2.00;372
-36.00;-2.00;376
-35.00;-2.00;384
-34.00;-2.00;385
-33.00;-2.00;390
-32.00;-2.00;394
-31.00;-2.00;394
-30.00;-2.00;398
-29.00;-2.00;398
-28.00;-2.00;409
-27.00;-2.00;407
-26.00;-2.00;406
-25.00;-2.00;410
-24.00;-2.00;406
-23.00;-2.00;415
-22.00;-2.00;419
-21.00;-2.00;423
-20.00;-2.00;423
-19.00;-2.00;427
-18.00;-2.00;423
-17.00;-2.00;423
-16.00;-2.00;430
-15.00;-2.00;422
-14.00;-2.00;428
-13.00;-2.00;431
-12.00;-2.00;429
-11.00;-2.00;429
-10.00;-2.00;431
-9.00;-2.00;428
-8.00;-2.00;435
-7.00;-2.00;431
-6.00;-2.00;429
-5.00;-2.00;432
-4.00;-2.00;434
-3.00;-2.00;434
-2.00;-2.00;437
-1.00;-2.00;434
0.00;-2.00;433
1.00;-2.00;438
2.00;-2.00;433
3.00;-2.00;433
4.00;-2.00;436
5.00;-2.00;437
6.00;-2.00;430
7.00;-2.00;433
8.00;-2.00;439
9.00;-2.00;427
10.00;-2.00;436
11.00;-2.00;432
12.00;-2.00;433
13.00;-2.00;433
14.00;-2.00;428
15.00;-2.00;436
16.00;-2.00;428
17.00;-2.00;439
18.00;-2.00;433
19.00;-2.00;433
20.00;-2.00;431
21.00;-2.00;428
22.00;-2.00;440
23.00;-2.00;438
24.00;-2.00;441
25.00;-2.00;443
26.00;-2.00;444
27.00;-2.00;446
28.00;-2.00;440
29.00;-2.00;448
30.00;-2.00;446
31.00;-2.00;448
32.00;-2.00;445
33.00;-2.00;445
34.00;-2.00;448
35.00;-2.00;440
36.00;-2.00;444
37.00;-2.00;439
38.00;-2.00;433
39.00;-2.00;431
40.00;-2.00;431
41.00;-2.00;430
42.00;-2.00;424
43.00;-2.00;419
44.00;-2.00;411
45.00;-2.00;412
46.00;-2.00;405
47.00;-2.00;407
48.00;-2.00;398
49.00;-2.00;388
50.00;-2.00;390
51.00;-2.00;385
52.00;-2.00;377
53.00;-2.00;379
54.00;-2.00;372
55.00;-2.00;370
56.00;-2.00;366
57.00;-2.00;363
58.00;-2.00;363
59.00;-2.00;354
60.00;-2.00;357
61.00;-2.00;351
62.00;-2.00;347
63.00;-2.00;343
64.00;-2.00;337
65.00;-2.00;335
66.00;-2.00;332
67.00;-2.00;328
68.00;-2.00;325
69.00;-2.00;322
70.00;-2.00;319
71.00;-2.00;316
72.00;-2.00;316
73.00;-2.00;311
74.00;-2.00;312
75.00;-2.00;305
76.00;-2.00;305
77.00;-2.00;302
78.00;-2.00;300
79.00;-2.00;300
80.00;-2.00;299
81.00;-2.00;294
82.00;-2.00;291
83.00;-2.00;291
84.00;-2.00;291
85.00;-2.00;286
86.00;-2.00;288
87.00;-2.00;288
88.00;-2.00;288
89.00;-2.00;283
-90.00;2.00;255
-89.00;2.00;257
-88.00;2.00;256
-87.00;2.00;261
-86.00;2.00;258
-85.00;2.00;260
-84.00;2.00;258
-83.00;2.00;263
-82.00;2.00;261
-81.00;2.00;262
-80.00;2.00;258
-79.00;2.00;264
-78.00;2.00;261
-77.00;2.00;265
-76.00;2.00;262
-75.00;2.00;263
-74.00;2.00;266
-73.00;2.00;268
-72.00;2.00;270
-71.00;2.00;268
-70.00;2.00;268
-69.00;2.00;270
-68.00;2.00;276
-67.00;2.00;280
-66.00;2.00;279
-65.00;2.00;282
-64.00;2.00;282
-63.00;2.00;286
-62.00;2.00;285
-61.00;2.00;291
-60.00;2.00;292
-59.00;2.00;295
-58.00;2.00;299
-57.00;2.00;303
-56.00;2.00;306
-55.00;2.00;305
-54.00;2.00;303
-53.00;2.00;311
-52.00;2.00;312
-51.00;2.00;323
-50.00;2.00;319
-49.00;2.00;328
-48.00;2.00;330
-47.00;2.00;331
-46.00;2.00;342
-45.00;2.00;350
-44.00;2.00;354
-43.00;2.00;361
-42.00;2.00;363
-41.00;2.00;370
-40.00;2.00;377
-39.00;2.00;383
-38.00;2.00;382
-37.00;2.00;392
-36.00;2.00;404
-35.00;2.00;411
-34.00;2.00;413
-33.00;2.00;415
-32.00;2.00;424
-31.00;2.00;428
-30.00;2.00;437
-29.00;2.00;448
-28.00;2.00;457
-27.00;2.00;456
-26.00;2.00;471
-25.00;2.00;475
-24.00;2.00;480
-23.00;2.00;488
-22.00;2.00;507
-21.00;2.00;514
-20.00;2.00;532
-19.00;2.00;531
-18.00;2.00;542
-17.00;2.00;552
-16.00;2.00;557
-15.00;2.00;559
-14.00;2.00;570
-13.00;2.00;569
-12.00;2.00;581
-11.00;2.00;579
-10.00;2.00;585
-9.00;2.00;589
-8.00;2.00;595
-7.00;2.00;592
-6.00;2.00;589
-5.00;2.00;612
-4.00;2.00;609
-3.00;2.00;613
-2.00;2.00;614
-1.00;2.00;615
0.00;2.00;614
1.00;2.00;627
2.00;2.00;622
3.00;2.00;622
4.00;2.00;618
5.00;2.00;620
6.00;2.00;621
7.00;2.00;613
8.00;2.00;600
9.00;2.00;592
10.00;2.00;585
11.00;2.00;586
12.00;2.00;567
13.00;2.00;558
14.00;2.00;554
15.00;2.00;549
16.00;2.00;539
17.00;2.00;535
18.00;2.00;530
19.00;2.00;526
20.00;2.00;522
21.00;2.00;526
22.00;2.00;526
23.00;2.00;526
24.00;2.00;529
25.00;2.00;519
26.00;2.00;518
27.00;2.00;530
28.00;2.00;525
29.00;2.00;532
30.00;2.00;528
31.00;2.00;515
32.00;2.00;519
33.00;2.00;519
34.00;2.00;519
35.00;2.00;508
36.00;2.00;511
37.00;2.00;503
38.00;2.00;499
39.00;2.00;479
40.00;2.00;484
41.00;2.00;467
42.00;2.00;466
43.00;2.00;459
44.00;2.00;444
45.00;2.00;441
46.00;2.00;438
47.00;2.00;422
48.00;2.00;413
49.00;2.00;410
50.00;2.00;406
51.00;2.00;402
52.00;2.00;400
53.00;2.00;389
54.00;2.00;389
55.00;2.00;384
56.00;2.00;373
57.00;2.00;374
58.00;2.00;361
59.00;2.00;365
60.00;2.00;356
61.00;2.00;355
62.00;2.00;351
63.00;2.00;350
64.00;2.00;345
65.00;2.00;342
66.00;2.00;337
67.00;2.00;332
68.00;2.00;334
69.00;2.00;326
70.00;2.00;318
71.00;2.00;320
72.00;2.00;322
73.00;2.00;309
74.00;2.00;312
75.00;2.00;313
76.00;2.00;311
77.00;2.00;300
78.00;2.00;302
79.00;2.00;299
80.00;2.00;296
81.00;2.00;295
82.00;2.00;292
83.00;2.00;289
84.00;2.00;292
85.00;2.00;286
86.00;2.00;283
87.00;2.00;286
88.00;2.00;288
89.00;2.00;283
-90.00;6.00;253
-89.00;6.00;252
-88.00;6.00;255
-87.00;6.00;252
-86.00;6.00;256
-85.00;6.00;250
-84.00;6.00;250
-83.00;6.00;255
-82.00;6.00;254
-81.00;6.00;252
-80.00;6.00;259
-79.00;6.00;257
-78.00;6.00;257
-77.00;6.00;261
-76.00;6.00;259
-75.00;6.00;260
-74.00;6.00;262
-73.00;6.00;264
-72.00;6.00;262
-71.00;6.00;267
-70.00;6.00;268
-69.00;6.00;268
-68.00;6.00;270
-67.00;6.00;271
-66.00;6.00;274
-65.00;6.00;277
-64.00;6.00;275
-63.00;6.00;282
-62.00;6.00;286
-61.00;6.00;287
-60.00;6.00;289
-59.00;6.00;288
-58.00;6.00;291
-57.00;6.00;298
-56.00;6.00;297
-55.00;6.00;299
-54.00;6.00;304
-53.00;6.00;305
-52.00;6.00;312
-51.00;6.00;312
-50.00;6.00;316
-49.00;6.00;320
-48.00;6.00;327
-47.00;6.00;339
-46.00;6.00;336
-45.00;6.00;345
-44.00;6.00;358
-43.00;6.00;357
-42.00;6.00;360
-41.00;6.00;374
-40.00;6.00;374
-39.00;6.00;383
-38.00;6.00;394
-37.00;6.00;405
-36.00;6.00;411
-35.00;6.00;422
-34.00;6.00;431
-33.00;6.00;442
-32.00;6.00;458
-31.00;6.00;460
-30.00;6.00;481
-29.00;6.00;503
-28.00;6.00;518
-27.00;6.00;520
-26.00;6.00;537
-25.00;6.00;560
-24.00;6.00;582
-23.00;6.00;611
-22.00;6.00;633
-21.00;6.00;664
-20.00;6.00;661
-19.00;6.00;676
-18.00;6.00;698
-17.00;6.00;704
-16.00;6.00;714
-15.00;6.00;737
-14.00;6.00;745
-13.00;6.00;749
-12.00;6.00;759
-11.00;6.00;761
-10.00;6.00;768
-9.00;6.00;776
-8.00;6.00;773
-7.00;6.00;777
-6.00;6.00;786
-5.00;6.00;773
-4.00;6.00;776
-3.00;6.00;774
-2.00;6.00;771
-1.00;6.00;777
0.00;6.00;773
1.00;6.00;768
2.00;6.00;759
3.00;6.00;757
4.00;6.00;752
5.00;6.00;749
6.00;6.00;729
7.00;6.00;729
8.00;6.00;723
9.00;6.00;702
10.00;6.00;703
11.00;6.00;678
12.00;6.00;672
13.00;6.00;653
14.00;6.00;654
15.00;6.00;636
16.00;6.00;620
17.00;6.00;605
18.00;6.00;599
19.00;6.00;596
20.00;6.00;595
21.00;6.00;579
22.00;6.00;582
23.00;6.00;574
24.00;6.00;576
25.00;6.00;583
26.00;6.00;577
27.00;6.00;572
28.00;6.00;578
29.00;6.00;569
30.00;6.00;565
31.00;6.00;558
32.00;6.00;552
33.00;6.00;548
34.00;6.00;552
35.00;6.00;545
36.00;6.00;537
37.00;6.00;522
38.00;6.00;517
39.00;6.00;509
40.00;6.00;499
41.00;6.00;490
42.00;6.00;479
43.00;6.00;471
44.00;6.00;465
45.00;6.00;457
46.00;6.00;448
47.00;6.00;433
48.00;6.00;424
49.00;6.00;419
50.00;6.00;407
51.00;6.00;404
52.00;6.00;400
53.00;6.00;390
54.00;6.00;391
55.00;6.00;380
56.00;6.00;375
57.00;6.00;368
58.00;6.00;365
59.00;6.00;354
60.00;6.00;358
61.00;6.00;354
62.00;6.00;349
63.00;6.00;345
64.00;6.00;343
65.00;6.00;342
66.00;6.00;335
67.00;6.00;334
68.00;6.00;326
69.00;6.00;323
70.00;6.00;322
71.00;6.00;321
72.00;6.00;318
73.00;6.00;313
74.00;6.00;313
75.00;6.00;312
76.00;6.00;310
77.00;6.00;307
78.00;6.00;305
79.00;6.00;300
80.00;6.00;298
81.00;6.00;297
82.00;6.00;294
83.00;6.00;294
84.00;6.00;292
85.00;6.00;295
86.00;6.00;291
87.00;6.00;289
88.00;6.00;291
89.00;6.00;286
-90.00;10.00;252
-89.00;10.00;252
-88.00;10.00;254
-87.00;10.00;255
-86.00;10.00;252
-85.00;10.00;255
-84.00;10.00;256
-83.00;10.00;253
-82.00;10.00;253
-81.00;10.00;253
-80.00;10.00;257
-79.00;10.00;256
-78.00;10.00;257
-77.00;10.00;256
-76.00;10.00;256
-75.00;10.00;261
-74.00;10.00;260
-73.00;10.00;259
-72.00;10.00;262
-71.00;10.00;262
-70.00;10.00;261
-69.00;10.00;266
-68.00;10.00;269
-67.00;10.00;271
-66.00;10.00;277
-65.00;10.00;274
-64.00;10.00;277
-63.00;10.00;280
-62.00;10.00;280
-61.00;10.00;283
-60.00;10.00;284
-59.00;10.00;288
-58.00;10.00;287
-57.00;10.00;297
-56.00;10.00;296
-55.00;10.00;298
-54.00;10.00;304
-53.00;10.00;306
-52.00;10.00;312
-51.00;10.00;314
-50.00;10.00;314
-49.00;10.00;325
-48.00;10.00;327
-47.00;10.00;327
-46.00;10.00;341
-45.00;10.00;344
-44.00;10.00;346
-43.00;10.00;356
-42.00;10.00;367
-41.00;10.00;363
-40.00;10.00;380
-39.00;10.00;383
-38.00;10.00;388
-37.00;10.00;393
-36.00;10.00;404
-35.00;10.00;422
-34.00;10.00;430
-33.00;10.00;440
-32.00;10.00;455
-31.00;10.00;460
-30.00;10.00;485
-29.00;10.00;515
-28.00;10.00;533
-27.00;10.00;558
-26.00;10.00;584
-25.00;10.00;588
-24.00;10.00;617
-23.00;10.00;667
-22.00;10.00;693
-21.00;10.00;726
-20.00;10.00;741
-19.00;10.00;751
-18.00;10.00;763
-17.00;10.00;780
-16.00;10.00;796
-15.00;10.00;813
-14.00;10.00;816
-13.00;10.00;822
-12.00;10.00;826
-11.00;10.00;843
-10.00;10.00;844
-9.00;10.00;846
-8.00;10.00;843
-7.00;10.00;846
-6.00;10.00;846
-5.00;10.00;845
-4.00;10.00;842
-3.00;10.00;843
-2.00;10.00;841
-1.00;10.00;837
0.00;10.00;837
1.00;10.00;842
2.00;10.00;833
3.00;10.00;822
4.00;10.00;818
5.00;10.00;818
6.00;10.00;800
7.00;10.00;802
8.00;10.00;789
9.00;10.00;776
10.00;10.00;763
11.00;10.00;752
12.00;10.00;738
13.00;10.00;723
14.00;10.00;716
15.00;10.00;712
16.00;10.00;688
17.00;10.00;682
18.00;10.00;671
19.00;10.00;661
20.00;10.00;650
21.00;10.00;649
22.00;10.00;636
23.00;10.00;632
24.00;10.00;629
25.00;10.00;626
26.00;10.00;618
27.00;10.00;614
28.00;10.00;607
29.00;10.00;611
30.00;10.00;599
31.00;10.00;600
32.00;10.00;579
33.00;10.00;582
34.00;10.00;569
35.00;10.00;552
36.00;10.00;554
37.00;10.00;540
38.00;10.00;526
39.00;10.00;521
40.00;10.00;513
41.00;10.00;500
42.00;10.00;482
43.00;10.00;484
44.00;10.00;472
45.00;10.00;461
46.00;10.00;461
47.00;10.00;450
48.00;10.00;432
49.00;10.00;416
50.00;10.00;420
51.00;10.00;408
52.00;10.00;403
53.00;10.00;396
54.00;10.00;390
55.00;10.00;382
56.00;10.00;374
57.00;10.00;365
58.00;10.00;360
59.00;10.00;355
60.00;10.00;359
61.00;10.00;350
62.00;10.00;346
63.00;10.00;346
64.00;10.00;339
65.00;10.00;338
66.00;10.00;337
67.00;10.00;332
68.00;10.00;333
69.00;10.00;326
70.00;10.00;323
71.00;10.00;321
72.00;10.00;319
73.00;10.00;321
74.00;10.00;317
75.00;10.00;314
76.00;10.00;310
77.00;10.00;312
78.00;10.00;305
79.00;10.00;308
80.00;10.00;299
81.00;10.00;305
82.00;10.00;295
83.00;10.00;296
84.00;10.00;294
85.00;10.00;291
86.00;10.00;297
87.00;10.00;296
88.00;10.00;291
89.00;10.00;293
-90.00;14.00;252
-89.00;14.00;255
-88.00;14.00;255
-87.00;14.00;256
-86.00;14.00;255
-85.00;14.00;256
-84.00;14.00;258
-83.00;14.00;259
-82.00;14.00;257
-81.00;14.00;260
-80.00;14.00;258
-79.00;14.00;261
-78.00;14.00;259
-77.00;14.00;264
-76.00;14.00;263
-75.00;14.00;260
-74.00;14.00;259
-73.00;14.00;266
-72.00;14.00;267
-71.00;14.00;264
-70.00;14.00;265
-69.00;14.00;269
-68.00;14.00;273
-67.00;14.00;271
-66.00;14.00;273
-65.00;14.00;276
-64.00;14.00;279
-63.00;14.00;280
-62.00;14.00;283
-61.00;14.00;279
-60.00;14.00;284
-59.00;14.00;288
-58.00;14.00;293
-57.00;14.00;293
-56.00;14.00;299
-55.00;14.00;297
-54.00;14.00;302
-53.00;14.00;304
-52.00;14.00;309
-51.00;14.00;312
-50.00;14.00;317
-49.00;14.00;322
-48.00;14.00;327
-47.00;14.00;332
-46.00;14.00;340
-45.00;14.00;348
-44.00;14.00;351
-43.00;14.00;355
-42.00;14.00;361
-41.00;14.00;372
-40.00;14.00;376
-39.00;14.00;380
-38.00;14.00;389
-37.00;14.00;404
-36.00;14.00;406
-35.00;14.00;416
-34.00;14.00;427
-33.00;14.00;441
-32.00;14.00;460
-31.00;14.00;461
-30.00;14.00;480
-29.00;14.00;520
-28.00;14.00;532
-27.00;14.00;545
-26.00;14.00;577
-25.00;14.00;609
-24.00;14.00;640
-23.00;14.00;657
-22.00;14.00;718
-21.00;14.00;748
-20.00;14.00;767
-19.00;14.00;775
-18.00;14.00;797
-17.00;14.00;799
-16.00;14.00;822
-15.00;14.00;833
-14.00;14.00;842
-13.00;14.00;853
-12.00;14.00;847
-11.00;14.00;860
-10.00;14.00;854
-9.00;14.00;868
-8.00;14.00;861
-7.00;14.00;873
-6.00;14.00;857
-5.00;14.00;866
-4.00;14.00;860
-3.00;14.00;864
-2.00;14.00;864
-1.00;14.00;861
0.00;14.00;862
1.00;14.00;860
2.00;14.00;852
3.00;14.00;853
4.00;14.00;850
5.00;14.00;844
6.00;14.00;833
7.00;14.00;831
8.00;14.00;825
9.00;14.00;814
10.00;14.00;802
11.00;14.00;788
12.00;14.00;786
13.00;14.00;773
14.00;14.00;768
15.00;14.00;753
16.00;14.00;745
17.00;14.00;731
18.00;14.00;728
19.00;14.00;711
20.00;14.00;722
21.00;14.00;708
22.00;14.00;700
23.00;14.00;696
24.00;14.00;702
25.00;14.00;693
26.00;14.00;680
27.00;14.00;678
28.00;14.00;659
29.00;14.00;657
30.00;14.00;637
31.00;14.00;623
32.00;14.00;610
33.00;14.00;603
34.00;14.00;589
35.00;14.00;577
36.00;14.00;552
37.00;14.00;554
38.00;14.00;530
39.00;14.00;523
40.00;14.00;522
41.00;14.00;510
42.00;14.00;504
43.00;14.00;487
44.00;14.00;489
45.00;14.00;463
46.00;14.00;459
47.00;14.00;457
48.00;14.00;435
49.00;14.00;435
50.00;14.00;414
51.00;14.00;415
52.00;14.00;406
53.00;14.00;400
54.00;14.00;391
55.00;14.00;380
56.00;14.00;381
57.00;14.00;364
58.00;14.00;368
59.00;14.00;357
60.00;14.00;359
61.00;14.00;351
62.00;14.00;350
63.00;14.00;348
64.00;14.00;347
65.00;14.00;340
66.00;14.00;333
67.00;14.00;339
68.00;14.00;332
69.00;14.00;323
70.00;14.00;324
71.00;14.00;327
72.00;14.00;322
73.00;14.00;321
74.00;14.00;315
75.00;14.00;315
76.00;14.00;312
77.00;14.00;310
78.00;14.00;309
79.00;14.00;308
80.00;14.00;309
81.00;14.00;304
82.00;14.00;305
83.00;14.00;294
84.00;14.00;301
85.00;14.00;298
86.00;14.00;297
87.00;14.00;303
88.00;14.00;297
89.00;14.00;298
-90.00;18.00;255
-89.00;18.00;256
-88.00;18.00;254
-87.00;18.00;256
-86.00;18.00;256
-85.00;18.00;254
-84.00;18.00;256
-83.00;18.00;258
-82.00;18.00;256
-81.00;18.00;257
-80.00;18.00;259
-79.00;18.00;259
-78.00;18.00;262
-77.00;18.00;262
-76.00;18.00;263
-75.00;18.00;264
-74.00;18.00;267
-73.00;18.00;267
-72.00;18.00;265
-71.00;18.00;269
-70.00;18.00;269
-69.00;18.00;270
-68.00;18.00;270
-67.00;18.00;277
-66.00;18.00;273
-65.00;18.00;280
-64.00;18.00;281
-63.00;18.00;280
-62.00;18.00;286
-61.00;18.00;288
-60.00;18.00;288
-59.00;18.00;291
-58.00;18.00;298
-57.00;18.00;298
-56.00;18.00;300
-55.00;18.00;299
-54.00;18.00;302
-53.00;18.00;310
-52.00;18.00;308
-51.00;18.00;311
-50.00;18.00;315
-49.00;18.00;326
-48.00;18.00;331
-47.00;18.00;334
-46.00;18.00;342
-45.00;18.00;346
-44.00;18.00;350
-43.00;18.00;361
-42.00;18.00;359
-41.00;18.00;369
-40.00;18.00;374
-39.00;18.00;387
-38.00;18.00;386
-37.00;18.00;392
-36.00;18.00;404
-35.00;18.00;419
-34.00;18.00;430
-33.00;18.00;437
-32.00;18.00;456
-31.00;18.00;457
-30.00;18.00;484
-29.00;18.00;510
-28.00;18.00;541
-27.00;18.00;548
-26.00;18.00;583
-25.00;18.00;606
-24.00;18.00;641
-23.00;18.00;674
-22.00;18.00;719
-21.00;18.00;760
-20.00;18.00;777
-19.00;18.00;784
-18.00;18.00;816
-17.00;18.00;814
-16.00;18.00;827
-15.00;18.00;840
-14.00;18.00;845
-13.00;18.00;860
-12.00;18.00;865
-11.00;18.00;866
-10.00;18.00;876
-9.00;18.00;868
-8.00;18.00;869
-7.00;18.00;872
-6.00;18.00;868
-5.00;18.00;874
-4.00;18.00;871
-3.00;18.00;870
-2.00;18.00;856
-1.00;18.00;868
0.00;18.00;870
1.00;18.00;865
2.00;18.00;860
3.00;18.00;865
4.00;18.00;855
5.00;18.00;860
6.00;18.00;857
7.00;18.00;851
8.00;18.00;847
9.00;18.00;833
10.00;18.00;830
11.00;18.00;824
12.00;18.00;819
13.00;18.00;817
14.00;18.00;811
15.00;18.00;799
16.00;18.00;788
17.00;18.00;786
18.00;18.00;780
19.00;18.00;772
20.00;18.00;768
21.00;18.00;763
22.00;18.00;758
23.00;18.00;753
24.00;18.00;747
25.00;18.00;743
26.00;18.00;729
27.00;18.00;720
28.00;18.00;711
29.00;18.00;703
30.00;18.00;680
31.00;18.00;655
32.00;18.00;632
33.00;18.00;617
34.00;18.00;603
35.00;18.00;593
36.00;18.00;578
37.00;18.00;554
38.00;18.00;543
39.00;18.00;534
40.00;18.00;516
41.00;18.00;507
42.00;18.00;499
43.00;18.00;487
44.00;18.00;475
45.00;18.00;465
46.00;18.00;460
47.00;18.00;451
48.00;18.00;435
49.00;18.00;437
50.00;18.00;424
51.00;18.00;413
52.00;18.00;407
53.00;18.00;397
54.00;18.00;394
55.00;18.00;392
56.00;18.00;383
57.00;18.00;378
58.00;18.00;370
59.00;18.00;366
60.00;18.00;361
61.00;18.00;356
62.00;18.00;356
63.00;18.00;347
64.00;18.00;346
65.00;18.00;342
66.00;18.00;336
67.00;18.00;339
68.00;18.00;330
69.00;18.00;332
70.00;18.00;326
71.00;18.00;327
72.00;18.00;327
73.00;18.00;321
74.00;18.00;320
75.00;18.00;313
76.00;18.00;318
77.00;18.00;316
78.00;18.00;311
79.00;18.00;311
80.00;18.00;307
81.00;18.00;307
82.00;18.00;309
83.00;18.00;304
84.00;18.00;302
85.00;18.00;301
86.00;18.00;302
87.00;18.00;303
88.00;18.00;304
89.00;18.00;302
-90.00;22.00;260
-89.00;22.00;257
-88.00;22.00;259
-87.00;22.00;257
-86.00;22.00;259
-85.00;22.00;258
-84.00;22.00;260
-83.00;22.00;260
-82.00;22.00;260
-81.00;22.00;257
-80.00;22.00;262
-79.00;22.00;259
-78.00;22.00;264
-77.00;22.00;262
-76.00;22.00;265
-75.00;22.00;267
-74.00;22.00;268
-73.00;22.00;269
-72.00;22.00;272
-71.00;22.00;269
-70.00;22.00;272
-69.00;22.00;274
-68.00;22.00;272
-67.00;22.00;276
-66.00;22.00;277
-65.00;22.00;279
-64.00;22.00;280
-63.00;22.00;283
-62.00;22.00;287
-61.00;22.00;286
-60.00;22.00;292
-59.00;22.00;296
-58.00;22.00;294
-57.00;22.00;302
-56.00;22.00;304
-55.00;22.00;308
-54.00;22.00;309
-53.00;22.00;311
-52.00;22.00;315
-51.00;22.00;317
-50.00;22.00;325
-49.00;22.00;328
-48.00;22.00;336
-47.00;22.00;339
-46.00;22.00;345
-45.00;22.00;348
-44.00;22.00;356
-43.00;22.00;370
-42.00;22.00;370
-41.00;22.00;373
-40.00;22.00;387
-39.00;22.00;390
-38.00;22.00;382
-37.00;22.00;400
-36.00;22.00;410
-35.00;22.00;423
-34.00;22.00;426
-33.00;22.00;444
-32.00;22.00;453
-31.00;22.00;465
-30.00;22.00;487
-29.00;22.00;507
-28.00;22.00;537
-27.00;22.00;552
-26.00;22.00;588
-25.00;22.00;614
-24.00;22.00;647
-23.00;22.00;687
-22.00;22.00;735
-21.00;22.00;756
-20.00;22.00;780
-19.00;22.00;789
-18.00;22.00;815
-17.00;22.00;824
-16.00;22.00;834
-15.00;22.00;843
-14.00;22.00;857
-13.00;22.00;870
-12.00;22.00;879
-11.00;22.00;875
-10.00;22.00;876
-9.00;22.00;870
-8.00;22.00;875
-7.00;22.00;883
-6.00;22.00;881
-5.00;22.00;879
-4.00;22.00;876
-3.00;22.00;878
-2.00;22.00;867
-1.00;22.00;869
0.00;22.00;878
1.00;22.00;873
2.00;22.00;876
3.00;22.00;866
4.00;22.00;874
5.00;22.00;871
6.00;22.00;873
7.00;22.00;864
8.00;22.00;859
9.00;22.00;861
10.00;22.00;881
11.00;22.00;867
12.00;22.00;863
13.00;22.00;867
14.00;22.00;855
15.00;22.00;850
16.00;22.00;851
17.00;22.00;848
18.00;22.00;842
19.00;22.00;845
20.00;22.00;842
21.00;22.00;839
22.00;22.00;838
23.00;22.00;835
24.00;22.00;819
25.00;22.00;816
26.00;22.00;799
27.00;22.00;785
28.00;22.00;764
29.00;22.00;753
30.00;22.00;714
31.00;22.00;693
32.00;22.00;674
33.00;22.00;652
34.00;22.00;628
35.00;22.00;596
36.00;22.00;587
37.00;22.00;554
38.00;22.00;543
39.00;22.00;528
40.00;22.00;511
41.00;22.00;507
42.00;22.00;497
43.00;22.00;487
44.00;22.00;482
45.00;22.00;462
46.00;22.00;468
47.00;22.00;450
48.00;22.00;437
49.00;22.00;434
50.00;22.00;424
51.00;22.00;417
52.00;22.00;413
53.00;22.00;405
54.00;22.00;402
55.00;22.00;395
56.00;22.00;389
57.00;22.00;379
58.00;22.00;376
59.00;22.00;365
60.00;22.00;369
61.00;22.00;366
62.00;22.00;358
63.00;22.00;352
64.00;22.00;354
65.00;22.00;346
66.00;22.00;337
67.00;22.00;335
68.00;22.00;337
69.00;22.00;336
70.00;22.00;332
71.00;22.00;331
72.00;22.00;331
73.00;22.00;331
74.00;22.00;326
75.00;22.00;325
76.00;22.00;322
77.00;22.00;317
78.00;22.00;315
79.00;22.00;314
80.00;22.00;311
81.00;22.00;309
82.00;22.00;307
83.00;22.00;309
84.00;22.00;308
85.00;22.00;303
86.00;22.00;306
87.00;22.00;304
88.00;22.00;302
89.00;22.00;305
-90.00;26.00;263
-89.00;26.00;261
-88.00;26.00;263
-87.00;26.00;260
-86.00;26.00;266
-85.00;26.00;264
-84.00;26.00;263
-83.00;26.00;265
-82.00;26.00;267
-81.00;26.00;267
-80.00;26.00;269
-79.00;26.00;270
-78.00;26.00;268
-77.00;26.00;268
-76.00;26.00;269
-75.00;26.00;270
-74.00;26.00;273
-73.00;26.00;271
-72.00;26.00;275
-71.00;26.00;272
-70.00;26.00;277
-69.00;26.00;280
-68.00;26.00;279
-67.00;26.00;278
-66.00;26.00;289
-65.00;26.00;286
-64.00;26.00;288
-63.00;26.00;287
-62.00;26.00;291
-61.00;26.00;295
-60.00;26.00;294
-59.00;26.00;297
-58.00;26.00;298
-57.00;26.00;309
-56.00;26.00;308
-55.00;26.00;315
-54.00;26.00;310
-53.00;26.00;315
-52.00;26.00;323
-51.00;26.00;325
-50.00;26.00;330
-49.00;26.00;337
-48.00;26.00;343
-47.00;26.00;347
-46.00;26.00;349
-45.00;26.00;360
-44.00;26.00;357
-43.00;26.00;367
-42.00;26.00;374
-41.00;26.00;376
-40.00;26.00;389
-39.00;26.00;392
-38.00;26.00;394
-37.00;26.00;400
-36.00;26.00;417
-35.00;26.00;426
-34.00;26.00;436
-33.00;26.00;453
-32.00;26.00;456
-31.00;26.00;467
-30.00;26.00;480
-29.00;26.00;515
-28.00;26.00;536
-27.00;26.00;552
-26.00;26.00;589
-25.00;26.00;609
-24.00;26.00;642
-23.00;26.00;684
-22.00;26.00;753
-21.00;26.00;786
-20.00;26.00;805
-19.00;26.00;814
-18.00;26.00;825
-17.00;26.00;848
-16.00;26.00;859
-15.00;26.00;868
-14.00;26.00;873
-13.00;26.00;875
-12.00;26.00;882
-11.00;26.00;884
-10.00;26.00;888
-9.00;26.00;889
-8.00;26.00;897
-7.00;26.00;888
-6.00;26.00;891
-5.00;26.00;889
-4.00;26.00;887
-3.00;26.00;885
-2.00;26.00;885
-1.00;26.00;888
0.00;26.00;885
1.00;26.00;887
2.00;26.00;886
3.00;26.00;886
4.00;26.00;878
5.00;26.00;886
6.00;26.00;885
7.00;26.00;884
8.00;26.00;886
9.00;26.00;882
10.00;26.00;891
11.00;26.00;885
12.00;26.00;881
13.00;26.00;885
14.00;26.00;889
15.00;26.00;894
16.00;26.00;880
17.00;26.00;889
18.00;26.00;895
19.00;26.00;879
20.00;26.00;890
21.00;26.00;884
22.00;26.00;876
23.00;26.00;865
24.00;26.00;876
25.00;26.00;863
26.00;26.00;844
27.00;26.00;818
28.00;26.00;810
29.00;26.00;772
30.00;26.00;747
31.00;26.00;734
32.00;26.00;698
33.00;26.00;668
34.00;26.00;641
35.00;26.00;622
36.00;26.00;598
37.00;26.00;577
38.00;26.00;558
39.00;26.00;534
40.00;26.00;518
41.00;26.00;505
42.00;26.00;499
43.00;26.00;485
44.00;26.00;479
45.00;26.00;466
46.00;26.00;461
47.00;26.00;453
48.00;26.00;443
49.00;26.00;438
50.00;26.00;432
51.00;26.00;426
52.00;26.00;422
53.00;26.00;420
54.00;26.00;409
55.00;26.00;401
56.00;26.00;395
57.00;26.00;386
58.00;26.00;386
59.00;26.00;379
60.00;26.00;374
61.00;26.00;368
62.00;26.00;368
63.00;26.00;363
64.00;26.00;360
65.00;26.00;356
66.00;26.00;354
67.00;26.00;349
68.00;26.00;344
69.00;26.00;344
70.00;26.00;345
71.00;26.00;343
72.00;26.00;343
73.00;26.00;337
74.00;26.00;339
75.00;26.00;329
76.00;26.00;330
77.00;26.00;332
78.00;26.00;326
79.00;26.00;319
80.00;26.00;321
81.00;26.00;320
82.00;26.00;312
83.00;26.00;318
84.00;26.00;315
85.00;26.00;316
86.00;26.00;310
87.00;26.00;310
88.00;26.00;307
89.00;26.00;308
-90.00;30.00;267
-89.00;30.00;266
-88.00;30.00;271
-87.00;30.00;271
-86.00;30.00;269
-85.00;30.00;266
-84.00;30.00;268
-83.00;30.00;271
-82.00;30.00;272
-81.00;30.00;272
-80.00;30.00;268
-79.00;30.00;274
-78.00;30.00;270
-77.00;30.00;275
-76.00;30.00;277
-75.00;30.00;276
-74.00;30.00;277
-73.00;30.00;277
-72.00;30.00;277
-71.00;30.00;278
-70.00;30.00;282
-69.00;30.00;286
-68.00;30.00;283
-67.00;30.00;287
-66.00;30.00;286
-65.00;30.00;287
-64.00;30.00;290
-63.00;30.00;291
-62.00;30.00;293
-61.00;30.00;294
-60.00;30.00;300
-59.00;30.00;302
-58.00;30.00;308
-57.00;30.00;306
-56.00;30.00;310
-55.00;30.00;312
-54.00;30.00;317
-53.00;30.00;322
-52.00;30.00;325
-51.00;30.00;324
-50.00;30.00;332
-49.00;30.00;342
-48.00;30.00;345
-47.00;30.00;352
-46.00;30.00;352
-45.00;30.00;366
-44.00;30.00;372
-43.00;30.00;369
-42.00;30.00;378
-41.00;30.00;387
-40.00;30.00;390
-39.00;30.00;398
-38.00;30.00;408
-37.00;30.00;408
-36.00;30.00;420
-35.00;30.00;433
-34.00;30.00;442
-33.00;30.00;448
-32.00;30.00;465
-31.00;30.00;467
-30.00;30.00;498
-29.00;30.00;517
-28.00;30.00;545
-27.00;30.00;555
-26.00;30.00;593
-25.00;30.00;627
-24.00;30.00;675
-23.00;30.00;709
-22.00;30.00;775
-21.00;30.00;812
-20.00;30.00;820
-19.00;30.00;823
-18.00;30.00;844
-17.00;30.00;864
-16.00;30.00;868
-15.00;30.00;890
-14.00;30.00;883
-13.00;30.00;887
-12.00;30.00;897
-11.00;30.00;899
-10.00;30.00;910
-9.00;30.00;900
-8.00;30.00;902
-7.00;30.00;900
-6.00;30.00;909
-5.00;30.00;913
-4.00;30.00;908
-3.00;30.00;904
-2.00;30.00;897
-1.00;30.00;907
0.00;30.00;898
1.00;30.00;901
2.00;30.00;899
3.00;30.00;899
4.00;30.00;902
5.00;30.00;900
6.00;30.00;902
7.00;30.00;898
8.00;30.00;898
9.00;30.00;894
10.00;30.00;905
11.00;30.00;904
12.00;30.00;902
13.00;30.00;906
14.00;30.00;911
15.00;30.00;914
16.00;30.00;910
17.00;30.00;915
18.00;30.00;904
19.00;30.00;903
20.00;30.00;905
21.00;30.00;895
22.00;30.00;898
23.00;30.00;903
24.00;30.00;866
25.00;30.00;859
26.00;30.00;864
27.00;30.00;847
28.00;30.00;829
29.00;30.00;800
30.00;30.00;767
31.00;30.00;703
32.00;30.00;698
33.00;30.00;633
34.00;30.00;638
35.00;30.00;627
36.00;30.00;616
37.00;30.00;583
38.00;30.00;558
39.00;30.00;534
40.00;30.00;525
41.00;30.00;507
42.00;30.00;504
43.00;30.00;478
44.00;30.00;478
45.00;30.00;476
46.00;30.00;453
47.00;30.00;457
48.00;30.00;452
49.00;30.00;440
50.00;30.00;436
51.00;30.00;425
52.00;30.00;428
53.00;30.00;414
54.00;30.00;417
55.00;30.00;405
56.00;30.00;396
57.00;30.00;396
58.00;30.00;395
59.00;30.00;391
60.00;30.00;382
61.00;30.00;380
62.00;30.00;373
63.00;30.00;369
64.00;30.00;367
65.00;30.00;364
66.00;30.00;359
67.00;30.00;353
68.00;30.00;356
69.00;30.00;354
70.00;30.00;352
71.00;30.00;349
72.00;30.00;350
73.00;30.00;344
74.00;30.00;338
75.00;30.00;340
76.00;30.00;337
77.00;30.00;331
78.00;30.00;328
79.00;30.00;327
80.00;30.00;323
81.00;30.00;323
82.00;30.00;317
83.00;30.00;323
84.00;30.00;317
85.00;30.00;321
86.00;30.00;314
87.00;30.00;312
88.00;30.00;315
89.00;30.00;314
-90.00;34.00;274
-89.00;34.00;275
-88.00;34.00;273
-87.00;34.00;273
-86.00;34.00;272
-85.00;34.00;272
-84.00;34.00;277
-83.00;34.00;278
-82.00;34.00;278
-81.00;34.00;280
-80.00;34.00;277
-79.00;34.00;277
-78.00;34.00;280
-77.00;34.00;276
-76.00;34.00;279
-75.00;34.00;279
-74.00;34.00;280
-73.00;34.00;284
-72.00;34.00;287
-71.00;34.00;283
-70.00;34.00;290
-69.00;34.00;288
-68.00;34.00;295
-67.00;34.00;288
-66.00;34.00;293
-65.00;34.00;295
-64.00;34.00;294
-63.00;34.00;301
-62.00;34.00;299
-61.00;34.00;302
-60.00;34.00;303
-59.00;34.00;312
-58.00;34.00;313
-57.00;34.00;316
-56.00;34.00;319
-55.00;34.00;321
-54.00;34.00;321
-53.00;34.00;327
-52.00;34.00;326
-51.00;34.00;334
-50.00;34.00;343
-49.00;34.00;349
-48.00;34.00;355
-47.00;34.00;354
-46.00;34.00;365
-45.00;34.00;366
-44.00;34.00;373
-43.00;34.00;384
-42.00;34.00;388
-41.00;34.00;393
-40.00;34.00;403
-39.00;34.00;402
-38.00;34.00;414
-37.00;34.00;408
-36.00;34.00;422
-35.00;34.00;441
-34.00;34.00;434
-33.00;34.00;458
-32.00;34.00;469
-31.00;34.00;483
-30.00;34.00;516
-29.00;34.00;539
-28.00;34.00;587
-27.00;34.00;582
-26.00;34.00;631
-25.00;34.00;654
-24.00;34.00;683
-23.00;34.00;748
-22.00;34.00;802
-21.00;34.00;828
-20.00;34.00;843
-19.00;34.00;858
-18.00;34.00;874
-17.00;34.00;883
-16.00;34.00;890
-15.00;34.00;899
-14.00;34.00;899
-13.00;34.00;912
-12.00;34.00;913
-11.00;34.00;924
-10.00;34.00;911
-9.00;34.00;912
-8.00;34.00;915
-7.00;34.00;919
-6.00;34.00;922
-5.00;34.00;932
-4.00;34.00;915
-3.00;34.00;921
-2.00;34.00;920
-1.00;34.00;922
0.00;34.00;923
1.00;34.00;921
2.00;34.00;929
3.00;34.00;914
4.00;34.00;917
5.00;34.00;920
6.00;34.00;924
7.00;34.00;913
8.00;34.00;918
9.00;34.00;919
10.00;34.00;918
11.00;34.00;917
12.00;34.00;920
13.00;34.00;929
14.00;34.00;921
15.00;34.00;934
16.00;34.00;926
17.00;34.00;923
18.00;34.00;921
19.00;34.00;928
20.00;34.00;918
21.00;34.00;928
22.00;34.00;919
23.00;34.00;914
24.00;34.00;901
25.00;34.00;906
26.00;34.00;895
27.00;34.00;889
28.00;34.00;863
29.00;34.00;827
30.00;34.00;803
31.00;34.00;774
32.00;34.00;739
33.00;34.00;708
34.00;34.00;677
35.00;34.00;647
36.00;34.00;632
37.00;34.00;607
38.00;34.00;579
39.00;34.00;549
40.00;34.00;537
41.00;34.00;529
42.00;34.00;517
43.00;34.00;506
44.00;34.00;495
45.00;34.00;481
46.00;34.00;482
47.00;34.00;474
48.00;34.00;450
49.00;34.00;454
50.00;34.00;455
51.00;34.00;443
52.00;34.00;441
53.00;34.00;434
54.00;34.00;426
55.00;34.00;419
56.00;34.00;414
57.00;34.00;408
58.00;34.00;400
59.00;34.00;397
60.00;34.00;390
61.00;34.00;392
62.00;34.00;386
63.00;34.00;382
64.00;34.00;378
65.00;34.00;372
66.00;34.00;371
67.00;34.00;367
68.00;34.00;369
69.00;34.00;359
70.00;34.00;355
71.00;34.00;363
72.00;34.00;352
73.00;34.00;353
74.00;34.00;354
75.00;34.00;347
76.00;34.00;345
77.00;34.00;342
78.00;34.00;336
79.00;34.00;339
80.00;34.00;336
81.00;34.00;336
82.00;34.00;332
83.00;34.00;331
84.00;34.00;326
85.00;34.00;331
86.00;34.00;324
87.00;34.00;320
88.00;34.00;321
89.00;34.00;323
-90.00;38.00;286
-89.00;38.00;284
-88.00;38.00;281
-87.00;38.00;286
-86.00;38.00;289
-85.00;38.00;283
-84.00;38.00;289
-83.00;38.00;287
-82.00;38.00;286
-81.00;38.00;289
-80.00;38.00;287
-79.00;38.00;286
-78.00;38.00;283
-77.00;38.00;291
-76.00;38.00;286
-75.00;38.00;290
-74.00;38.00;295
-73.00;38.00;291
-72.00;38.00;297
-71.00;38.00;296
-70.00;38.00;292
-69.00;38.00;300
-68.00;38.00;299
-67.00;38.00;301
-66.00;38.00;299
-65.00;38.00;300
-64.00;38.00;306
-63.00;38.00;308
-62.00;38.00;311
-61.00;38.00;311
-60.00;38.00;316
-59.00;38.00;320
-58.00;38.00;319
-57.00;38.00;325
-56.00;38.00;327
-55.00;38.00;330
-54.00;38.00;333
-53.00;38.00;340
-52.00;38.00;344
-51.00;38.00;343
-50.00;38.00;351
-49.00;38.00;355
-48.00;38.00;360
-47.00;38.00;366
-46.00;38.00;376
-45.00;38.00;371
-44.00;38.00;386
-43.00;38.00;390
-42.00;38.00;400
-41.00;38.00;410
-40.00;38.00;408
-39.00;38.00;409
-38.00;38.00;416
-37.00;38.00;429
-36.00;38.00;447
-35.00;38.00;459
-34.00;38.00;467
-33.00;38.00;480
-32.00;38.00;484
-31.00;38.00;510
-30.00;38.00;556
-29.00;38.00;577
-28.00;38.00;609
-27.00;38.00;623
-26.00;38.00;653
-25.00;38.00;694
-24.00;38.00;732
-23.00;38.00;783
-22.00;38.00;836
-21.00;38.00;890
-20.00;38.00;872
-19.00;38.00;906
-18.00;38.00;922
-17.00;38.00;914
-16.00;38.00;929
-15.00;38.00;939
-14.00;38.00;951
-13.00;38.00;948
-12.00;38.00;955
-11.00;38.00;944
-10.00;38.00;945
-9.00;38.00;954
-8.00;38.00;955
-7.00;38.00;957
-6.00;38.00;956
-5.00;38.00;953
-4.00;38.00;951
-3.00;38.00;951
-2.00;38.00;951
-1.00;38.00;938
0.00;38.00;946
1.00;38.00;947
2.00;38.00;946
3.00;38.00;945
4.00;38.00;942
5.00;38.00;954
6.00;38.00;952
7.00;38.00;952
8.00;38.00;944
9.00;38.00;954
10.00;38.00;946
11.00;38.00;950
12.00;38.00;948
13.00;38.00;943
14.00;38.00;951
15.00;38.00;955
16.00;38.00;971
17.00;38.00;964
18.00;38.00;958
19.00;38.00;954
20.00;38.00;949
21.00;38.00;959
22.00;38.00;949
23.00;38.00;959
24.00;38.00;942
25.00;38.00;927
26.00;38.00;931
27.00;38.00;916
28.00;38.00;900
29.00;38.00;871
30.00;38.00;858
31.00;38.00;837
32.00;38.00;801
33.00;38.00;769
34.00;38.00;736
35.00;38.00;699
36.00;38.00;669
37.00;38.00;641
38.00;38.00;604
39.00;38.00;591
40.00;38.00;554
41.00;38.00;539
42.00;38.00;534
43.00;38.00;529
44.00;38.00;508
45.00;38.00;494
46.00;38.00;495
47.00;38.00;482
48.00;38.00;476
49.00;38.00;466
50.00;38.00;464
51.00;38.00;451
52.00;38.00;446
53.00;38.00;449
54.00;38.00;444
55.00;38.00;434
56.00;38.00;427
57.00;38.00;422
58.00;38.00;415
59.00;38.00;412
60.00;38.00;408
61.00;38.00;406
62.00;38.00;399
63.00;38.00;399
64.00;38.00;394
65.00;38.00;391
66.00;38.00;387
67.00;38.00;380
68.00;38.00;380
69.00;38.00;373
70.00;38.00;375
71.00;38.00;370
72.00;38.00;371
73.00;38.00;361
74.00;38.00;360
75.00;38.00;362
76.00;38.00;358
77.00;38.00;358
78.00;38.00;349
79.00;38.00;350
80.00;38.00;348
81.00;38.00;342
82.00;38.00;341
83.00;38.00;337
84.00;38.00;339
85.00;38.00;336
86.00;38.00;331
87.00;38.00;335
88.00;38.00;331
89.00;38.00;331
-90.00;42.00;298
-89.00;42.00;296
-88.00;42.00;300
-87.00;42.00;299
-86.00;42.00;300
-85.00;42.00;297
-84.00;42.00;299
-83.00;42.00;300
-82.00;42.00;294
-81.00;42.00;302
-80.00;42.00;298
-79.00;42.00;304
-78.00;42.00;302
-77.00;42.00;302
-76.00;42.00;306
-75.00;42.00;309
-74.00;42.00;304
-73.00;42.00;305
-72.00;42.00;307
-71.00;42.00;306
-70.00;42.00;309
-69.00;42.00;311
-68.00;42.00;310
-67.00;42.00;315
-66.00;42.00;313
-65.00;42.00;315
-64.00;42.00;316
-63.00;42.00;319
-62.00;42.00;321
-61.00;42.00;324
-60.00;42.00;323
-59.00;42.00;331
-58.00;42.00;337
-57.00;42.00;341
-56.00;42.00;339
-55.00;42.00;341
-54.00;42.00;348
-53.00;42.00;351
-52.00;42.00;358
-51.00;42.00;368
-50.00;42.00;366
-49.00;42.00;369
-48.00;42.00;377
-47.00;42.00;379
-46.00;42.00;383
-45.00;42.00;397
-44.00;42.00;404
-43.00;42.00;403
-42.00;42.00;410
-41.00;42.00;419
-40.00;42.00;428
-39.00;42.00;430
-38.00;42.00;436
-37.00;42.00;446
-36.00;42.00;469
-35.00;42.00;478
-34.00;42.00;489
-33.00;42.00;501
-32.00;42.00;522
-31.00;42.00;540
-30.00;42.00;577
-29.00;42.00;623
-28.00;42.00;640
-27.00;42.00;682
-26.00;42.00;703
-25.00;42.00;767
-24.00;42.00;820
-23.00;42.00;864
-22.00;42.00;920
-21.00;42.00;946
-20.00;42.00;965
-19.00;42.00;986
-18.00;42.00;987
-17.00;42.00;977
-16.00;42.00;971
-15.00;42.00;983
-14.00;42.00;998
-13.00;42.00;991
-12.00;42.00;984
-11.00;42.00;984
-10.00;42.00;988
-9.00;42.00;981
-8.00;42.00;987
-7.00;42.00;994
-6.00;42.00;993
-5.00;42.00;989
-4.00;42.00;985
-3.00;42.00;991
-2.00;42.00;990
-1.00;42.00;987
0.00;42.00;990
1.00;42.00;982
2.00;42.00;1003
3.00;42.00;983
4.00;42.00;993
5.00;42.00;983
6.00;42.00;983
7.00;42.00;969
8.00;42.00;988
9.00;42.00;987
10.00;42.00;992
11.00;42.00;989
12.00;42.00;992
13.00;42.00;1002
14.00;42.00;993
15.00;42.00;995
16.00;42.00;1018
17.00;42.00;1005
18.00;42.00;994
19.00;42.00;1005
20.00;42.00;1000
21.00;42.00;998
22.00;42.00;1004
23.00;42.00;1008
24.00;42.00;1007
25.00;42.00;999
26.00;42.00;999
27.00;42.00;981
28.00;42.00;970
29.00;42.00;954
30.00;42.00;925
31.00;42.00;903
32.00;42.00;869
33.00;42.00;873
34.00;42.00;851
35.00;42.00;799
36.00;42.00;748
37.00;42.00;716
38.00;42.00;678
39.00;42.00;635
40.00;42.00;607
41.00;42.00;591
42.00;42.00;553
43.00;42.00;547
44.00;42.00;544
45.00;42.00;526
46.00;42.00;513
47.00;42.00;505
48.00;42.00;491
49.00;42.00;484
50.00;42.00;469
51.00;42.00;477
52.00;42.00;459
53.00;42.00;466
54.00;42.00;457
55.00;42.00;449
56.00;42.00;449
57.00;42.00;430
58.00;42.00;431
59.00;42.00;427
60.00;42.00;424
61.00;42.00;421
62.00;42.00;414
63.00;42.00;414
64.00;42.00;406
65.00;42.00;406
66.00;42.00;402
67.00;42.00;399
68.00;42.00;395
69.00;42.00;398
70.00;42.00;392
71.00;42.00;389
72.00;42.00;377
73.00;42.00;383
74.00;42.00;378
75.00;42.00;372
76.00;42.00;373
77.00;42.00;364
78.00;42.00;366
79.00;42.00;363
80.00;42.00;365
81.00;42.00;360
82.00;42.00;359
83.00;42.00;357
84.00;42.00;355
85.00;42.00;355
86.00;42.00;351
87.00;42.00;345
88.00;42.00;351
89.00;42.00;350
-90.00;46.00;312
-89.00;46.00;313
-88.00;46.00;312
-87.00;46.00;313
-86.00;46.00;310
-85.00;46.00;313
-84.00;46.00;314
-83.00;46.00;313
-82.00;46.00;313
-81.00;46.00;310
-80.00;46.00;316
-79.00;46.00;316
-78.00;46.00;310
-77.00;46.00;312
-76.00;46.00;317
-75.00;46.00;322
-74.00;46.00;315
-73.00;46.00;318
-72.00;46.00;323
-71.00;46.00;324
-70.00;46.00;325
-69.00;46.00;325
-68.00;46.00;331
-67.00;46.00;323
-66.00;46.00;329
-65.00;46.00;335
-64.00;46.00;332
-63.00;46.00;331
-62.00;46.00;339
-61.00;46.00;336
-60.00;46.00;343
-59.00;46.00;345
-58.00;46.00;347
-57.00;46.00;349
-56.00;46.00;355
-55.00;46.00;357
-54.00;46.00;365
-53.00;46.00;370
-52.00;46.00;373
-51.00;46.00;377
-50.00;46.00;376
-49.00;46.00;381
-48.00;46.00;391
-47.00;46.00;389
-46.00;46.00;392
-45.00;46.00;399
-44.00;46.00;401
-43.00;46.00;416
-42.00;46.00;421
-41.00;46.00;428
-40.00;46.00;436
-39.00;46.00;443
-38.00;46.00;456
-37.00;46.00;459
-36.00;46.00;477
-35.00;46.00;501
-34.00;46.00;501
-33.00;46.00;549
-32.00;46.00;546
-31.00;46.00;563
-30.00;46.00;613
-29.00;46.00;700
-28.00;46.00;691
-27.00;46.00;734
-26.00;46.00;816
-25.00;46.00;843
-24.00;46.00;907
-23.00;46.00;952
-22.00;46.00;992
-21.00;46.00;1010
-20.00;46.00;995
-19.00;46.00;1025
-18.00;46.00;1012
-17.00;46.00;1038
-16.00;46.00;1036
-15.00;46.00;1032
-14.00;46.00;1030
-13.00;46.00;1013
-12.00;46.00;1030
-11.00;46.00;1044
-10.00;46.00;1018
-9.00;46.00;1040
-8.00;46.00;1030
-7.00;46.00;1034
-6.00;46.00;1032
-5.00;46.00;1030
-4.00;46.00;1046
-3.00;46.00;1038
-2.00;46.00;1038
-1.00;46.00;1024
0.00;46.00;1033
1.00;46.00;1020
2.00;46.00;1033
3.00;46.00;1010
4.00;46.00;1036
5.00;46.00;1015
6.00;46.00;1022
7.00;46.00;1025
8.00;46.00;1026
9.00;46.00;1035
10.00;46.00;1019
11.00;46.00;1024
12.00;46.00;1044
13.00;46.00;1032
14.00;46.00;1038
15.00;46.00;1044
16.00;46.00;1054
17.00;46.00;1050
18.00;46.00;1039
19.00;46.00;1060
20.00;46.00;1049
21.00;46.00;1056
22.00;46.00;1052
23.00;46.00;1068
24.00;46.00;1049
25.00;46.00;1057
26.00;46.00;1052
27.00;46.00;1054
28.00;46.00;1036
29.00;46.00;1043
30.00;46.00;1024
31.00;46.00;1001
32.00;46.00;977
33.00;46.00;955
34.00;46.00;934
35.00;46.00;894
36.00;46.00;861
37.00;46.00;822
38.00;46.00;776
39.00;46.00;717
40.00;46.00;671
41.00;46.00;617
42.00;46.00;617
43.00;46.00;583
44.00;46.00;566
45.00;46.00;553
46.00;46.00;541
47.00;46.00;505
48.00;46.00;506
49.00;46.00;508
50.00;46.00;484
51.00;46.00;480
52.00;46.00;481
53.00;46.00;473
54.00;46.00;464
55.00;46.00;462
56.00;46.00;458
57.00;46.00;456
58.00;46.00;442
59.00;46.00;448
60.00;46.00;444
61.00;46.00;436
62.00;46.00;436
63.00;46.00;431
64.00;46.00;425
65.00;46.00;420
66.00;46.00;409
67.00;46.00;416
68.00;46.00;413
69.00;46.00;408
70.00;46.00;402
71.00;46.00;400
72.00;46.00;396
73.00;46.00;396
74.00;46.00;389
75.00;46.00;387
76.00;46.00;381
77.00;46.00;384
78.00;46.00;383
79.00;46.00;382
80.00;46.00;377
81.00;46.00;374
82.00;46.00;369
83.00;46.00;371
84.00;46.00;366
85.00;46.00;365
86.00;46.00;365
87.00;46.00;363
88.00;46.00;363
89.00;46.00;362
-90.00;50.00;332
-89.00;50.00;330
-88.00;50.00;329
-87.00;50.00;332
-86.00;50.00;336
-85.00;50.00;337
-84.00;50.00;327
-83.00;50.00;339
-82.00;50.00;334
-81.00;50.00;337
-80.00;50.00;331
-79.00;50.00;334
-78.00;50.00;334
-77.00;50.00;335
-76.00;50.00;336
-75.00;50.00;340
-74.00;50.00;336
-73.00;50.00;339
-72.00;50.00;338
-71.00;50.00;338
-70.00;50.00;339
-69.00;50.00;341
-68.00;50.00;340
-67.00;50.00;343
-66.00;50.00;343
-65.00;50.00;350
-64.00;50.00;355
-63.00;50.00;351
-62.00;50.00;357
-61.00;50.00;358
-60.00;50.00;352
-59.00;50.00;355
-58.00;50.00;368
-57.00;50.00;364
-56.00;50.00;371
-55.00;50.00;370
-54.00;50.00;371
-53.00;50.00;383
-52.00;50.00;380
-51.00;50.00;377
-50.00;50.00;383
-49.00;50.00;388
-48.00;50.00;386
-47.00;50.00;396
-46.00;50.00;409
-45.00;50.00;405
-44.00;50.00;426
-43.00;50.00;434
-42.00;50.00;425
-41.00;50.00;433
-40.00;50.00;445
-39.00;50.00;465
-38.00;50.00;465
-37.00;50.00;489
-36.00;50.00;517
-35.00;50.00;532
-34.00;50.00;536
-33.00;50.00;613
-32.00;50.00;626
-31.00;50.00;682
-30.00;50.00;745
-29.00;50.00;871
-28.00;50.00;921
-27.00;50.00;905
-26.00;50.00;1000
-25.00;50.00;990
-24.00;50.00;1032
-23.00;50.00;1082
-22.00;50.00;1089
-21.00;50.00;1107
-20.00;50.00;1122
-19.00;50.00;1097
-18.00;50.00;1104
-17.00;50.00;1112
-16.00;50.00;1107
-15.00;50.00;1106
-14.00;50.00;1091
-13.00;50.00;1101
-12.00;50.00;1124
-11.00;50.00;1103
-10.00;50.00;1097
-9.00;50.00;1086
-8.00;50.00;1100
-7.00;50.00;1098
-6.00;50.00;1097
-5.00;50.00;1098
-4.00;50.00;1095
-3.00;50.00;1117
-2.00;50.00;1103
-1.00;50.00;1091
0.00;50.00;1078
1.00;50.00;1101
2.00;50.00;1096
3.00;50.00;1087
4.00;50.00;1088
5.00;50.00;1106
6.00;50.00;1101
7.00;50.00;1091
8.00;50.00;1095
9.00;50.00;1096
10.00;50.00;1081
11.00;50.00;1088
12.00;50.00;1097
13.00;50.00;1097
14.00;50.00;1114
15.00;50.00;1099
16.00;50.00;1116
17.00;50.00;1120
18.00;50.00;1130
19.00;50.00;1109
20.00;50.00;1124
21.00;50.00;1120
22.00;50.00;1110
23.00;50.00;1133
24.00;50.00;1149
25.00;50.00;1153
26.00;50.00;1148
27.00;50.00;1141
28.00;50.00;1141
29.00;50.00;1141
30.00;50.00;1138
31.00;50.00;1167
32.00;50.00;1155
33.00;50.00;1134
34.00;50.00;1136
35.00;50.00;1090
36.00;50.00;1084
37.00;50.00;1040
38.00;50.00;970
39.00;50.00;903
40.00;50.00;841
41.00;50.00;795
42.00;50.00;740
43.00;50.00;695
44.00;50.00;641
45.00;50.00;621
46.00;50.00;596
47.00;50.00;578
48.00;50.00;553
49.00;50.00;547
50.00;50.00;527
51.00;50.00;514
52.00;50.00;506
53.00;50.00;499
54.00;50.00;499
55.00;50.00;481
56.00;50.00;482
57.00;50.00;476
58.00;50.00;466
59.00;50.00;456
60.00;50.00;454
61.00;50.00;457
62.00;50.00;450
63.00;50.00;446
64.00;50.00;444
65.00;50.00;443
66.00;50.00;440
67.00;50.00;426
68.00;50.00;431
69.00;50.00;429
70.00;50.00;425
71.00;50.00;421
72.00;50.00;416
73.00;50.00;414
74.00;50.00;413
75.00;50.00;411
76.00;50.00;405
77.00;50.00;409
78.00;50.00;400
79.00;50.00;399
80.00;50.00;400
81.00;50.00;400
82.00;50.00;395
83.00;50.00;390
84.00;50.00;393
85.00;50.00;391
86.00;50.00;385
87.00;50.00;382
88.00;50.00;385
89.00;50.00;381
-90.00;54.00;349
-89.00;54.00;349
-88.00;54.00;345
-87.00;54.00;345
-86.00;54.00;343
-85.00;54.00;346
-84.00;54.00;349
-83.00;54.00;348
-82.00;54.00;342
-81.00;54.00;347
-80.00;54.00;354
-79.00;54.00;343
-78.00;54.00;348
-77.00;54.00;345
-76.00;54.00;348
-75.00;54.00;348
-74.00;54.00;351
-73.00;54.00;352
-72.00;54.00;343
-71.00;54.00;355
-70.00;54.00;353
-69.00;54.00;358
-68.00;54.00;350
-67.00;54.00;357
-66.00;54.00;357
-65.00;54.00;352
-64.00;54.00;358
-63.00;54.00;364
-62.00;54.00;362
-61.00;54.00;358
-60.00;54.00;359
-59.00;54.00;361
-58.00;54.00;377
-57.00;54.00;367
-56.00;54.00;372
-55.00;54.00;383
-54.00;54.00;384
-53.00;54.00;371
-52.00;54.00;391
-51.00;54.00;386
-50.00;54.00;399
-49.00;54.00;396
-48.00;54.00;413
-47.00;54.00;413
-46.00;54.00;409
-45.00;54.00;413
-44.00;54.00;425
-43.00;54.00;418
-42.00;54.00;408
-41.00;54.00;459
-40.00;54.00;479
-39.00;54.00;476
-38.00;54.00;504
-37.00;54.00;543
-36.00;54.00;559
-35.00;54.00;584
-34.00;54.00;705
-33.00;54.00;793
-32.00;54.00;915
-31.00;54.00;943
-30.00;54.00;1001
-29.00;54.00;1088
-28.00;54.00;1120
-27.00;54.00;1095
-26.00;54.00;1108
-25.00;54.00;1177
-24.00;54.00;1165
-23.00;54.00;1154
-22.00;54.00;1201
-21.00;54.00;1182
-20.00;54.00;1177
-19.00;54.00;1183
-18.00;54.00;1178
-17.00;54.00;1168
-16.00;54.00;1186
-15.00;54.00;1175
-14.00;54.00;1160
-13.00;54.00;1157
-12.00;54.00;1164
-11.00;54.00;1146
-10.00;54.00;1160
-9.00;54.00;1161
-8.00;54.00;1168
-7.00;54.00;1167
-6.00;54.00;1158
-5.00;54.00;1173
-4.00;54.00;1150
-3.00;54.00;1148
-2.00;54.00;1158
-1.00;54.00;1169
0.00;54.00;1166
1.00;54.00;1159
2.00;54.00;1149
3.00;54.00;1160
4.00;54.00;1154
5.00;54.00;1153
6.00;54.00;1167
7.00;54.00;1150
8.00;54.00;1157
9.00;54.00;1161
10.00;54.00;1179
11.00;54.00;1156
12.00;54.00;1147
13.00;54.00;1152
14.00;54.00;1157
15.00;54.00;1172
16.00;54.00;1189
17.00;54.00;1191
18.00;54.00;1171
19.00;54.00;1200
20.00;54.00;1186
21.00;54.00;1194
22.00;54.00;1193
23.00;54.00;1201
24.00;54.00;1199
25.00;54.00;1216
26.00;54.00;1232
27.00;54.00;1234
28.00;54.00;1233
29.00;54.00;1249
30.00;54.00;1265
31.00;54.00;1233
32.00;54.00;1271
33.00;54.00;1258
34.00;54.00;1256
35.00;54.00;1269
36.00;54.00;1251
37.00;54.00;1268
38.00;54.00;1257
39.00;54.00;1210
40.00;54.00;1165
41.00;54.00;1114
42.00;54.00;1051
43.00;54.00;934
44.00;54.00;863
45.00;54.00;775
46.00;54.00;705
47.00;54.00;679
48.00;54.00;607
49.00;54.00;566
50.00;54.00;515
51.00;54.00;522
52.00;54.00;524
53.00;54.00;511
54.00;54.00;504
55.00;54.00;508
56.00;54.00;475
57.00;54.00;469
58.00;54.00;465
59.00;54.00;473
60.00;54.00;473
61.00;54.00;463
62.00;54.00;458
63.00;54.00;451
64.00;54.00;457
65.00;54.00;442
66.00;54.00;441
67.00;54.00;437
68.00;54.00;436
69.00;54.00;430
70.00;54.00;432
71.00;54.00;430
72.00;54.00;426
73.00;54.00;428
74.00;54.00;426
75.00;54.00;427
76.00;54.00;415
77.00;54.00;420
78.00;54.00;414
79.00;54.00;414
80.00;54.00;412
81.00;54.00;409
82.00;54.00;411
83.00;54.00;410
84.00;54.00;411
85.00;54.00;403
86.00;54.00;405
87.00;54.00;402
88.00;54.00;406
89.00;54.00;399
-90.00;58.00;344
-89.00;58.00;350
-88.00;58.00;348
-87.00;58.00;354
-86.00;58.00;352
-85.00;58.00;362
-84.00;58.00;356
-83.00;58.00;347
-82.00;58.00;355
-81.00;58.00;355
-80.00;58.00;353
-79.00;58.00;355
-78.00;58.00;350
-77.00;58.00;363
-76.00;58.00;353
-75.00;58.00;361
-74.00;58.00;359
-73.00;58.00;353
-72.00;58.00;348
-71.00;58.00;348
-70.00;58.00;351
-69.00;58.00;355
-68.00;58.00;347
-67.00;58.00;355
-66.00;58.00;367
-65.00;58.00;353
-64.00;58.00;359
-63.00;58.00;350
-62.00;58.00;369
-61.00;58.00;367
-60.00;58.00;347
-59.00;58.00;364
-58.00;58.00;365
-57.00;58.00;366
-56.00;58.00;367
-55.00;58.00;386
-54.00;58.00;379
-53.00;58.00;383
-52.00;58.00;370
-51.00;58.00;386
-50.00;58.00;377
-49.00;58.00;377
-48.00;58.00;379
-47.00;58.00;410
-46.00;58.00;406
-45.00;58.00;406
-44.00;58.00;401
-43.00;58.00;438
-42.00;58.00;431
-41.00;58.00;456
-40.00;58.00;-2
-39.00;58.00;581
-38.00;58.00;998
-37.00;58.00;1053
-36.00;58.00;1269
-35.00;58.00;-2
-34.00;58.00;-2
-33.00;58.00;-2
-32.00;58.00;-2
-31.00;58.00;-2
-30.00;58.00;-2
-29.00;58.00;-2
-28.00;58.00;-2
-27.00;58.00;-2
-26.00;58.00;-2
-25.00;58.00;-2
-24.00;58.00;-2
-23.00;58.00;-2
-22.00;58.00;-2
-21.00;58.00;-2
-20.00;58.00;-2
-19.00;58.00;1278
-18.00;58.00;-2
-17.00;58.00;-2
-16.00;58.00;1275
-15.00;58.00;1267
-14.00;58.00;1271
-13.00;58.00;1263
-12.00;58.00;1269
-11.00;58.00;1278
-10.00;58.00;1276
-9.00;58.00;1251
-8.00;58.00;1264
-7.00;58.00;1254
-6.00;58.00;1256
-5.00;58.00;1249
-4.00;58.00;1260
-3.00;58.00;1274
-2.00;58.00;1237
-1.00;58.00;1271
0.00;58.00;1247
1.00;58.00;1257
2.00;58.00;1269
3.00;58.00;1248
4.00;58.00;1251
5.00;58.00;1243
6.00;58.00;1257
7.00;58.00;1235
8.00;58.00;1236
9.00;58.00;1258
10.00;58.00;1257
11.00;58.00;1280
12.00;58.00;1247
13.00;58.00;1282
14.00;58.00;1248
15.00;58.00;-2
16.00;58.00;1261
17.00;58.00;1279
18.00;58.00;-2
19.00;58.00;-2
20.00;58.00;-2
21.00;58.00;-2
22.00;58.00;-2
23.00;58.00;-2
24.00;58.00;-2
25.00;58.00;-2
26.00;58.00;-2
27.00;58.00;-2
28.00;58.00;-2
29.00;58.00;-2
30.00;58.00;-2
31.00;58.00;-2
32.00;58.00;-2
33.00;58.00;-2
34.00;58.00;-2
35.00;58.00;-2
36.00;58.00;-2
37.00;58.00;-2
38.00;58.00;-2
39.00;58.00;-2
40.00;58.00;-2
41.00;58.00;-2
42.00;58.00;-2
43.00;58.00;-2
44.00;58.00;-2
45.00;58.00;-2
46.00;58.00;-2
47.00;58.00;-2
48.00;58.00;-2
49.00;58.00;-2
50.00;58.00;-2
51.00;58.00;-2
52.00;58.00;-2
53.00;58.00;-2
54.00;58.00;-2
55.00;58.00;515
56.00;58.00;470
57.00;58.00;493
58.00;58.00;483
59.00;58.00;477
60.00;58.00;451
61.00;58.00;448
62.00;58.00;475
63.00;58.00;449
64.00;58.00;449
65.00;58.00;451
66.00;58.00;442
67.00;58.00;441
68.00;58.00;440
69.00;58.00;440
70.00;58.00;435
71.00;58.00;430
72.00;58.00;426
73.00;58.00;433
74.00;58.00;419
75.00;58.00;427
76.00;58.00;425
77.00;58.00;427
78.00;58.00;423
79.00;58.00;429
80.00;58.00;428
81.00;58.00;424
82.00;58.00;421
83.00;58.00;426
84.00;58.00;418
85.00;58.00;426
86.00;58.00;420
87.00;58.00;418
88.00;58.00;418
89.00;58.00;416
-90.00;62.00;343
-89.00;62.00;347
-88.00;62.00;355
-87.00;62.00;355
-86.00;62.00;337
-85.00;62.00;353
-84.00;62.00;356
-83.00;62.00;345
-82.00;62.00;344
-81.00;62.00;339
-80.00;62.00;347
-79.00;62.00;361
-78.00;62.00;340
-77.00;62.00;352
-76.00;62.00;347
-75.00;62.00;356
-74.00;62.00;353
-73.00;62.00;343
-72.00;62.00;344
-71.00;62.00;346
-70.00;62.00;348
-69.00;62.00;356
-68.00;62.00;349
-67.00;62.00;338
-66.00;62.00;350
-65.00;62.00;336
-64.00;62.00;338
-63.00;62.00;340
-62.00;62.00;318
-61.00;62.00;316
-60.00;62.00;319
-59.00;62.00;316
-58.00;62.00;304
-57.00;62.00;279
-56.00;62.00;-2
-55.00;62.00;-2
-54.00;62.00;-2
-53.00;62.00;-2
-52.00;62.00;-2
-51.00;62.00;-2
-50.00;62.00;-2
-49.00;62.00;-2
-48.00;62.00;-2
-47.00;62.00;-2
-46.00;62.00;-2
-45.00;62.00;-2
-44.00;62.00;-2
-43.00;62.00;-2
-42.00;62.00;-2
-41.00;62.00;-2
-40.00;62.00;-2
-39.00;62.00;-2
-38.00;62.00;-2
-37.00;62.00;-2
-36.00;62.00;-2
-35.00;62.00;-2
-34.00;62.00;-2
-33.00;62.00;-2
-32.00;62.00;-2
-31.00;62.00;-2
-30.00;62.00;-2
-29.00;62.00;-2
-28.00;62.00;-2
-27.00;62.00;-2
-26.00;62.00;-2
-25.00;62.00;-2
-24.00;62.00;-2
-23.00;62.00;-2
-22.00;62.00;-2
-21.00;62.00;-2
-20.00;62.00;-2
-19.00;62.00;-2
-18.00;62.00;-2
-17.00;62.00;-2
-16.00;62.00;-2
-15.00;62.00;-2
-14.00;62.00;-2
-13.00;62.00;-2
-12.00;62.00;-2
-11.00;62.00;-2
-10.00;62.00;-2
-9.00;62.00;-2
-8.00;62.00;-2
-7.00;62.00;-2
-6.00;62.00;-2
-5.00;62.00;-2
-4.00;62.00;-2
-3.00;62.00;-2
-2.00;62.00;-2
-1.00;62.00;-2
0.00;62.00;-2
1.00;62.00;-2
2.00;62.00;-2
3.00;62.00;-2
4.00;62.00;-2
5.00;62.00;-2
6.00;62.00;-2
7.00;62.00;-2
8.00;62.00;-2
9.00;62.00;-2
10.00;62.00;-2
11.00;62.00;-2
12.00;62.00;-2
13.00;62.00;-2
14.00;62.00;-2
15.00;62.00;-2
16.00;62.00;-2
17.00;62.00;-2
18.00;62.00;-2
19.00;62.00;-2
20.00;62.00;-2
21.00;62.00;-2
22.00;62.00;-2
23.00;62.00;-2
24.00;62.00;-2
25.00;62.00;-2
26.00;62.00;-2
27.00;62.00;-2
28.00;62.00;-2
29.00;62.00;-2
30.00;62.00;-2
31.00;62.00;-2
32.00;62.00;-2
33.00;62.00;-2
34.00;62.00;-2
35.00;62.00;-2
36.00;62.00;-2
37.00;62.00;-2
38.00;62.00;-2
39.00;62.00;-2
40.00;62.00;-2
41.00;62.00;-2
42.00;62.00;-2
43.00;62.00;-2
44.00;62.00;-2
45.00;62.00;-2
46.00;62.00;-2
47.00;62.00;-2
48.00;62.00;-2
49.00;62.00;-2
50.00;62.00;-2
51.00;62.00;-2
52.00;62.00;-2
53.00;62.00;-2
54.00;62.00;-2
55.00;62.00;-2
56.00;62.00;-2
57.00;62.00;-2
58.00;62.00;-2
59.00;62.00;-2
60.00;62.00;-2
61.00;62.00;-2
62.00;62.00;-2
63.00;62.00;-2
64.00;62.00;-2
65.00;62.00;-2
66.00;62.00;-2
67.00;62.00;368
68.00;62.00;-2
69.00;62.00;-2
70.00;62.00;411
71.00;62.00;414
72.00;62.00;440
73.00;62.00;402
74.00;62.00;381
75.00;62.00;405
76.00;62.00;416
77.00;62.00;427
78.00;62.00;435
79.00;62.00;416
80.00;62.00;435
81.00;62.00;420
82.00;62.00;423
83.00;62.00;425
84.00;62.00;428
85.00;62.00;415
86.00;62.00;416
87.00;62.00;421
88.00;62.00;421
89.00;62.00;418
-90.00;66.00;-2
-89.00;66.00;-2
-88.00;66.00;-2
-87.00;66.00;-2
-86.00;66.00;-2
-85.00;66.00;-2
-84.00;66.00;-2
-83.00;66.00;-2
-82.00;66.00;-2
-81.00;66.00;-2
-80.00;66.00;-2
-79.00;66.00;-2
-78.00;66.00;-2
-77.00;66.00;-2
-76.00;66.00;-2
-75.00;66.00;-2
-74.00;66.00;-2
-73.00;66.00;-2
-72.00;66.00;-2
-71.00;66.00;-2
-70.00;66.00;-2
-69.00;66.00;-2
-68.00;66.00;-2
-67.00;66.00;-2
-66.00;66.00;-2
-65.00;66.00;-2
-64.00;66.00;-2
-63.00;66.00;-2
-62.00;66.00;-2
-61.00;66.00;-2
-60.00;66.00;-2
-59.00;66.00;-2
-58.00;66.00;-2
-57.00;66.00;-2
-56.00;66.00;-2
-55.00;66.00;-2
-54.00;66.00;-2
-53.00;66.00;-2
-52.00;66.00;-2
-51.00;66.00;-2
-50.00;66.00;-2
-49.00;66.00;-2
-48.00;66.00;-2
-47.00;66.00;-2
-46.00;66.00;-2
-45.00;66.00;-2
-44.00;66.00;-2
-43.00;66.00;-2
-42.00;66.00;-2
-41.00;66.00;-2
-40.00;66.00;-2
-39.00;66.00;-2
-38.00;66.00;-2
-37.00;66.00;-2
-36.00;66.00;-2
-35.00;66.00;-2
-34.00;66.00;-2
-33.00;66.00;-2
-32.00;66.00;-2
-31.00;66.00;-2
-30.00;66.00;-2
-29.00;66.00;-2
-28.00;66.00;-2
-27.00;66.00;-2
-26.00;66.00;-2
-25.00;66.00;-2
-24.00;66.00;-2
-23.00;66.00;-2
-22.00;66.00;-2
-21.00;66.00;-2
-20.00;66.00;-2
-19.00;66.00;-2
-18.00;66.00;-2
-17.00;66.00;-2
-16.00;66.00;-2
-15.00;66.00;-2
-14.00;66.00;-2
-13.00;66.00;-2
-12.00;66.00;-2
-11.00;66.00;-2
-10.00;66.00;-2
-9.00;66.00;-2
-8.00;66.00;-2
-7.00;66.00;-2
-6.00;66.00;-2
-5.00;66.00;-2
-4.00;66.00;-2
-3.00;66.00;-2
-2.00;66.00;-2
-1.00;66.00;-2
0.00;66.00;-2
1.00;66.00;-2
2.00;66.00;-2
3.00;66.00;-2
4.00;66.00;-2
5.00;66.00;-2
6.00;66.00;-2
7.00;66.00;-2
8.00;66.00;-2
9.00;66.00;-2
10.00;66.00;-2
11.00;66.00;-2
12.00;66.00;-2
13.00;66.00;-2
14.00;66.00;-2
15.00;66.00;-2
16.00;66.00;-2
17.00;66.00;-2
18.00;66.00;-2
19.00;66.00;-2
20.00;66.00;-2
21.00;66.00;-2
22.00;66.00;-2
23.00;66.00;-2
24.00;66.00;-2
25.00;66.00;-2
26.00;66.00;-2
27.00;66.00;-2
28.00;66.00;-2
29.00;66.00;-2
30.00;66.00;-2
31.00;66.00;-2
32.00;66.00;-2
33.00;66.00;-2
34.00;66.00;-2
35.00;66.00;-2
36.00;66.00;-2
37.00;66.00;-2
38.00;66.00;-2
39.00;66.00;-2
40.00;66.00;-2
41.00;66.00;-2
42.00;66.00;-2
43.00;66.00;-2
44.00;66.00;-2
45.00;66.00;-2
46.00;66.00;-2
47.00;66.00;-2
48.00;66.00;-2
49.00;66.00;-2
50.00;66.00;-2
51.00;66.00;-2
52.00;66.00;-2
53.00;66.00;-2
54.00;66.00;-2
55.00;66.00;-2
56.00;66.00;-2
57.00;66.00;-2
58.00;66.00;-2
59.00;66.00;-2
60.00;66.00;-2
61.00;66.00;-2
62.00;66.00;-2
63.00;66.00;-2
64.00;66.00;-2
65.00;66.00;-2
66.00;66.00;-2
67.00;66.00;-2
68.00;66.00;-2
69.00;66.00;-2
70.00;66.00;-2
71.00;66.00;-2
72.00;66.00;-2
73.00;66.00;-2
74.00;66.00;-2
75.00;66.00;-2
76.00;66.00;-2
77.00;66.00;-2
78.00;66.00;-2
79.00;66.00;-2
80.00;66.00;-2
81.00;66.00;-2
82.00;66.00;-2
83.00;66.00;-2
84.00;66.00;-2
85.00;66.00;-2
86.00;66.00;-2
87.00;66.00;-2
88.00;66.00;-2
89.00;66.00;-2
-90.00;70.00;-2
-89.00;70.00;-2
-88.00;70.00;-2
-87.00;70.00;-2
-86.00;70.00;-2
-85.00;70.00;-2
-84.00;70.00;-2
-83.00;70.00;-2
-82.00;70.00;-2
-81.00;70.00;-2
-80.00;70.00;-2
-79.00;70.00;-2
-78.00;70.00;-2
-77.00;70.00;-2
-76.00;70.00;-2
-75.00;70.00;-2
-74.00;70.00;-2
-73.00;70.00;-2
-72.00;70.00;-2
-71.00;70.00;-2
-70.00;70.00;-2
-69.00;70.00;-2
-68.00;70.00;-2
-67.00;70.00;-2
-66.00;70.00;-2
-65.00;70.00;-2
-64.00;70.00;-2
-63.00;70.00;-2
-62.00;70.00;-2
-61.00;70.00;-2
-60.00;70.00;-2
-59.00;70.00;-2
-58.00;70.00;-2
-57.00;70.00;-2
-56.00;70.00;-2
-55.00;70.00;-2
-54.00;70.00;-2
-53.00;70.00;-2
-52.00;70.00;-2
-51.00;70.00;-2
-50.00;70.00;-2
-49.00;70.00;-2
-48.00;70.00;-2
-47.00;70.00;-2
-46.00;70.00;-2
-45.00;70.00;-2
-44.00;70.00;-2
-43.00;70.00;-2
-42.00;70.00;-2
-41.00;70.00;-2
-40.00;70.00;-2
-39.00;70.00;-2
-38.00;70.00;-2
-37.00;70.00;-2
-36.00;70.00;-2
-35.00;70.00;-2
-34.00;70.00;-2
-33.00;70.00;-2
-32.00;70.00;-2
-31.00;70.00;-2
-30.00;70.00;-2
-29.00;70.00;-2
-28.00;70.00;-2
-27.00;70.00;-2
-26.00;70.00;-2
-25.00;70.00;-2
-24.00;70.00;-2
-23.00;70.00;-2
-22.00;70.00;-2
-21.00;70.00;-2
-20.00;70.00;-2
-19.00;70.00;-2
-18.00;70.00;-2
-17.00;70.00;-2
-16.00;70.00;-2
-15.00;70.00;-2
-14.00;70.00;-2
-13.00;70.00;-2
-12.00;70.00;-2
-11.00;70.00;-2
-10.00;70.00;-2
-9.00;70.00;-2
-8.00;70.00;-2
-7.00;70.00;-2
-6.00;70.00;-2
-5.00;70.00;-2
-4.00;70.00;-2
-3.00;70.00;-2
-2.00;70.00;-2
-1.00;70.00;-2
0.00;70.00;-2
1.00;70.00;-2
2.00;70.00;-2
3.00;70.00;-2
4.00;70.00;-2
5.00;70.00;-2
6.00;70.00;-2
7.00;70.00;-2
8.00;70.00;-2
9.00;70.00;-2
10.00;70.00;-2
11.00;70.00;-2
12.00;70.00;-2
13.00;70.00;-2
14.00;70.00;-2
15.00;70.00;-2
16.00;70.00;-2
17.00;70.00;-2
18.00;70.00;-2
19.00;70.00;-2
20.00;70.00;-2
21.00;70.00;-2
22.00;70.00;-2
23.00;70.00;-2
24.00;70.00;-2
25.00;70.00;-2
26.00;70.00;-2
27.00;70.00;-2
28.00;70.00;-2
29.00;70.00;-2
30.00;70.00;-2
31.00;70.00;-2
32.00;70.00;-2
33.00;70.00;-2
34.00;70.00;-2
35.00;70.00;-2
36.00;70.00;-2
37.00;70.00;-2
38.00;70.00;-2
39.00;70.00;-2
40.00;70.00;-2
41.00;70.00;-2
42.00;70.00;-2
43.00;70.00;-2
44.00;70.00;-2
45.00;70.00;-2
46.00;70.00;-2
47.00;70.00;-2
48.00;70.00;-2
49.00;70.00;-2
50.00;70.00;-2
51.00;70.00;-2
52.00;70.00;-2
53.00;70.00;-2
54.00;70.00;-2
55.00;70.00;-2
56.00;70.00;-2
57.00;70.00;-2
58.00;70.00;-2
59.00;70.00;-2
60.00;70.00;-2
61.00;70.00;-2
62.00;70.00;-2
63.00;70.00;-2
64.00;70.00;-2
65.00;70.00;-2
66.00;70.00;-2
67.00;70.00;-2
68.00;70.00;-2
69.00;70.00;-2
70.00;70.00;-2
71.00;70.00;-2
72.00;70.00;-2
73.00;70.00;-2
74.00;70.00;-2
75.00;70.00;-2
76.00;70.00;-2
77.00;70.00;-2
78.00;70.00;-2
79.00;70.00;-2
80.00;70.00;-2
81.00;70.00;-2
82.00;70.00;-2
83.00;70.00;-2
84.00;70.00;-2
85.00;70.00;-2
86.00;70.00;-2
87.00;70.00;-2
88.00;70.00;-2
89.00;70.00;-2
-90.00;74.00;-2
-89.00;74.00;-2
-88.00;74.00;-2
-87.00;74.00;-2
-86.00;74.00;-2
-85.00;74.00;-2
-84.00;74.00;-2
-83.00;74.00;-2
-82.00;74.00;-2
-81.00;74.00;-2
-80.00;74.00;-2
-79.00;74.00;-2
-78.00;74.00;-2
-77.00;74.00;-2
-76.00;74.00;-2
-75.00;74.00;-2
-74.00;74.00;-2
-73.00;74.00;-2
-72.00;74.00;-2
-71.00;74.00;-2
-70.00;74.00;-2
-69.00;74.00;-2
-68.00;74.00;-2
-67.00;74.00;-2
-66.00;74.00;-2
-65.00;74.00;-2
-64.00;74.00;-2
-63.00;74.00;-2
-62.00;74.00;-2
-61.00;74.00;-2
-60.00;74.00;-2
-59.00;74.00;-2
-58.00;74.00;-2
-57.00;74.00;-2
-56.00;74.00;-2
-55.00;74.00;-2
-54.00;74.00;-2
-53.00;74.00;-2
-52.00;74.00;-2
-51.00;74.00;-2
-50.00;74.00;-2
-49.00;74.00;-2
-48.00;74.00;-2
-47.00;74.00;-2
-46.00;74.00;-2
-45.00;74.00;-2
-44.00;74.00;-2
-43.00;74.00;-2
-42.00;74.00;-2
-41.00;74.00;-2
-40.00;74.00;-2
-39.00;74.00;-2
-38.00;74.00;-2
-37.00;74.00;-2
-36.00;74.00;-2
-35.00;74.00;-2
-34.00;74.00;-2
-33.00;74.00;-2
-32.00;74.00;-2
-31.00;74.00;-2
-30.00;74.00;-2
-29.00;74.00;-2
-28.00;74.00;-2
-27.00;74.00;-2
-26.00;74.00;-2
-25.00;74.00;-2
-24.00;74.00;-2
-23.00;74.00;-2
-22.00;74.00;-2
-21.00;74.00;-2
-20.00;74.00;-2
-19.00;74.00;-2
-18.00;74.00;-2
-17.00;74.00;-2
-16.00;74.00;-2
-15.00;74.00;-2
-14.00;74.00;-2
-13.00;74.00;-2
-12.00;74.00;-2
-11.00;74.00;-2
-10.00;74.00;-2
-9.00;74.00;-2
-8.00;74.00;-2
-7.00;74.00;-2
-6.00;74.00;-2
-5.00;74.00;-2
-4.00;74.00;-2
-3.00;74.00;-2
-2.00;74.00;-2
-1.00;74.00;-2
0.00;74.00;-2
1.00;74.00;-2
2.00;74.00;-2
3.00;74.00;-2
4.00;74.00;-2
5.00;74.00;-2
6.00;74.00;-2
7.00;74.00;-2
8.00;74.00;-2
9.00;74.00;-2
10.00;74.00;-2
11.00;74.00;-2
12.00;74.00;-2
13.00;74.00;-2
14.00;74.00;-2
15.00;74.00;-2
16.00;74.00;-2
17.00;74.00;-2
18.00;74.00;-2
19.00;74.00;-2
20.00;74.00;-2
21.00;74.00;-2
22.00;74.00;-2
23.00;74.00;-2
24.00;74.00;-2
25.00;74.00;-2
26.00;74.00;-2
27.00;74.00;-2
28.00;74.00;-2
29.00;74.00;-2
30.00;74.00;-2
31.00;74.00;-2
32.00;74.00;-2
33.00;74.00;-2
34.00;74.00;-2
35.00;74.00;-2
36.00;74.00;-2
37.00;74.00;-2
38.00;74.00;-2
39.00;74.00;-2
40.00;74.00;-2
41.00;74.00;-2
42.00;74.00;-2
43.00;74.00;-2
44.00;74.00;-2
45.00;74.00;-2
46.00;74.00;-2
47.00;74.00;-2
48.00;74.00;-2
49.00;74.00;-2
50.00;74.00;-2
51.00;74.00;-2
52.00;74.00;-2
53.00;74.00;-2
54.00;74.00;-2
55.00;74.00;-2
56.00;74.00;-2
57.00;74.00;-2
58.00;74.00;-2
59.00;74.00;-2
60.00;74.00;-2
61.00;74.00;-2
62.00;74.00;-2
63.00;74.00;-2
64.00;74.00;-2
65.00;74.00;-2
66.00;74.00;-2
67.00;74.00;-2
68.00;74.00;-2
69.00;74.00;-2
70.00;74.00;-2
71.00;74.00;-2
72.00;74.00;-2
73.00;74.00;-2
74.00;74.00;-2
75.00;74.00;-2
76.00;74.00;-2
77.00;74.00;-2
78.00;74.00;-2
79.00;74.00;-2
80.00;74.00;-2
81.00;74.00;-2
82.00;74.00;-2
83.00;74.00;-2
84.00;74.00;-2
85.00;74.00;-2
86.00;74.00;-2
87.00;74.00;-2
88.00;74.00;-2
89.00;74.00;-2
-90.00;78.00;-2
-89.00;78.00;-2
-88.00;78.00;-2
-87.00;78.00;-2
-86.00;78.00;-2
-85.00;78.00;-2
-84.00;78.00;-2
-83.00;78.00;-2
-82.00;78.00;-2
-81.00;78.00;-2
-80.00;78.00;-2
-79.00;78.00;-2
-78.00;78.00;-2
-77.00;78.00;-2
-76.00;78.00;-2
-75.00;78.00;-2
-74.00;78.00;-2
-73.00;78.00;-2
-72.00;78.00;-2
-71.00;78.00;-2
-70.00;78.00;-2
-69.00;78.00;-2
-68.00;78.00;-2
-67.00;78.00;-2
-66.00;78.00;-2
-65.00;78.00;-2
-64.00;78.00;-2
-63.00;78.00;-2
-62.00;78.00;-2
-61.00;78.00;-2
-60.00;78.00;-2
-59.00;78.00;-2
-58.00;78.00;-2
-57.00;78.00;-2
-56.00;78.00;-2
-55.00;78.00;-2
-54.00;78.00;-2
-53.00;78.00;-2
-52.00;78.00;-2
-51.00;78.00;-2
-50.00;78.00;-2
-49.00;78.00;-2
-48.00;78.00;-2
-47.00;78.00;-2
-46.00;78.00;-2
-45.00;78.00;-2
-44.00;78.00;-2
-43.00;78.00;-2
-42.00;78.00;-2
-41.00;78.00;-2
-40.00;78.00;-2
-39.00;78.00;-2
-38.00;78.00;-2
-37.00;78.00;-2
-36.00;78.00;-2
-35.00;78.00;-2
-34.00;78.00;-2
-33.00;78.00;-2
-32.00;78.00;-2
-31.00;78.00;-2
-30.00;78.00;-2
-29.00;78.00;-2
-28.00;78.00;-2
-27.00;78.00;-2
-26.00;78.00;-2
-25.00;78.00;-2
-24.00;78.00;-2
-23.00;78.00;-2
-22.00;78.00;-2
-21.00;78.00;-2
-20.00;78.00;-2
-19.00;78.00;-2
-18.00;78.00;-2
-17.00;78.00;-2
-16.00;78.00;-2
-15.00;78.00;-2
-14.00;78.00;-2
-13.00;78.00;-2
-12.00;78.00;-2
-11.00;78.00;-2
-10.00;78.00;-2
-9.00;78.00;-2
-8.00;78.00;-2
-7.00;78.00;-2
-6.00;78.00;-2
-5.00;78.00;-2
-4.00;78.00;-2
-3.00;78.00;-2
-2.00;78.00;-2
-1.00;78.00;-2
0.00;78.00;-2
1.00;78.00;-2
2.00;78.00;-2
3.00;78.00;-2
4.00;78.00;-2
5.00;78.00;-2
6.00;78.00;-2
7.00;78.00;-2
8.00;78.00;-2
9.00;78.00;-2
10.00;78.00;-2
11.00;78.00;-2
12.00;78.00;-2
13.00;78.00;-2
14.00;78.00;-2
15.00;78.00;-2
16.00;78.00;-2
17.00;78.00;-2
18.00;78.00;-2
19.00;78.00;-2
20.00;78.00;-2
21.00;78.00;-2
22.00;78.00;-2
23.00;78.00;-2
24.00;78.00;-2
25.00;78.00;-2
26.00;78.00;-2
27.00;78.00;-2
28.00;78.00;-2
29.00;78.00;-2
30.00;78.00;-2
31.00;78.00;-2
32.00;78.00;-2
33.00;78.00;-2
34.00;78.00;-2
35.00;78.00;-2
36.00;78.00;-2
37.00;78.00;-2
38.00;78.00;-2
39.00;78.00;-2
40.00;78.00;-2
41.00;78.00;-2
42.00;78.00;-2
43.00;78.00;-2
44.00;78.00;-2
45.00;78.00;-2
46.00;78.00;-2
47.00;78.00;-2
48.00;78.00;-2
49.00;78.00;-2
50.00;78.00;-2
51.00;78.00;-2
52.00;78.00;-2
53.00;78.00;-2
54.00;78.00;-2
55.00;78.00;-2
56.00;78.00;-2
57.00;78.00;-2
58.00;78.00;-2
59.00;78.00;-2
60.00;78.00;-2
61.00;78.00;-2
62.00;78.00;-2
63.00;78.00;-2
64.00;78.00;-2
65.00;78.00;-2
66.00;78.00;-2
67.00;78.00;-2
68.00;78.00;-2
69.00;78.00;-2
70.00;78.00;-2
71.00;78.00;-2
72.00;78.00;-2
73.00;78.00;-2
74.00;78.00;-2
75.00;78.00;-2
76.00;78.00;-2
77.00;78.00;-2
78.00;78.00;-2
79.00;78.00;-2
80.00;78.00;-2
81.00;78.00;-2
82.00;78.00;-2
83.00;78.00;-2
84.00;78.00;-2
85.00;78.00;-2
86.00;78.00;-2
87.00;78.00;-2
88.00;78.00;-2
89.00;78.00;-2
-90.00;82.00;-2
-89.00;82.00;-2
-88.00;82.00;-2
-87.00;82.00;-2
-86.00;82.00;-2
-85.00;82.00;-2
-84.00;82.00;-2
-83.00;82.00;-2
-82.00;82.00;-2
-81.00;82.00;-2
-80.00;82.00;-2
-79.00;82.00;-2
-78.00;82.00;-2
-77.00;82.00;-2
-76.00;82.00;-2
-75.00;82.00;-2
-74.00;82.00;-2
-73.00;82.00;-2
-72.00;82.00;-2
-71.00;82.00;-2
-70.00;82.00;-2
-69.00;82.00;-2
-68.00;82.00;-2
-67.00;82.00;-2
-66.00;82.00;-2
-65.00;82.00;-2
-64.00;82.00;-2
-63.00;82.00;-2
-62.00;82.00;-2
-61.00;82.00;-2
-60.00;82.00;-2
-59.00;82.00;-2
-58.00;82.00;-2
-57.00;82.00;-2
-56.00;82.00;-2
-55.00;82.00;-2
-54.00;82.00;-2
-53.00;82.00;-2
-52.00;82.00;-2
-51.00;82.00;-2
-50.00;82.00;-2
-49.00;82.00;-2
-48.00;82.00;-2
-47.00;82.00;-2
-46.00;82.00;-2
-45.00;82.00;-2
-44.00;82.00;-2
-43.00;82.00;-2
-42.00;82.00;-2
-41.00;82.00;-2
-40.00;82.00;-2
-39.00;82.00;-2
-38.00;82.00;-2
-37.00;82.00;-2
-36.00;82.00;-2
-35.00;82.00;-2
-34.00;82.00;-2
-33.00;82.00;-2
-32.00;82.00;-2
-31.00;82.00;-2
-30.00;82.00;-2
-29.00;82.00;-2
-28.00;82.00;-2
-27.00;82.00;-2
-26.00;82.00;-2
-25.00;82.00;-2
-24.00;82.00;-2
-23.00;82.00;-2
-22.00;82.00;-2
-21.00;82.00;-2
-20.00;82.00;-2
-19.00;82.00;-2
-18.00;82.00;-2
-17.00;82.00;-2
-16.00;82.00;-2
-15.00;82.00;-2
-14.00;82.00;-2
-13.00;82.00;-2
-12.00;82.00;-2
-11.00;82.00;-2
-10.00;82.00;-2
-9.00;82.00;-2
-8.00;82.00;-2
-7.00;82.00;-2
-6.00;82.00;-2
-5.00;82.00;-2
-4.00;82.00;-2
-3.00;82.00;-2
-2.00;82.00;-2
-1.00;82.00;-2
0.00;82.00;-2
1.00;82.00;-2
2.00;82.00;-2
3.00;82.00;-2
4.00;82.00;-2
5.00;82.00;-2
6.00;82.00;-2
7.00;82.00;-2
8.00;82.00;-2
9.00;82.00;-2
10.00;82.00;-2
11.00;82.00;-2
12.00;82.00;-2
13.00;82.00;-2
14.00;82.00;-2
15.00;82.00;-2
16.00;82.00;-2
17.00;82.00;-2
18.00;82.00;-2
19.00;82.00;-2
20.00;82.00;-2
21.00;82.00;-2
22.00;82.00;-2
23.00;82.00;-2
24.00;82.00;-2
25.00;82.00;-2
26.00;82.00;-2
27.00;82.00;-2
28.00;82.00;-2
29.00;82.00;-2
30.00;82.00;-2
31.00;82.00;-2
32.00;82.00;-2
33.00;82.00;-2
34.00;82.00;-2
35.00;82.00;-2
36.00;82.00;-2
37.00;82.00;-2
38.00;82.00;-2
39.00;82.00;-2
40.00;82.00;-2
41.00;82.00;-2
42.00;82.00;-2
43.00;82.00;-2
44.00;82.00;-2
45.00;82.00;-2
46.00;82.00;-2
47.00;82.00;-2
48.00;82.00;-2
49.00;82.00;-2
50.00;82.00;-2
51.00;82.00;-2
52.00;82.00;-2
53.00;82.00;-2
54.00;82.00;-2
55.00;82.00;-2
56.00;82.00;-2
57.00;82.00;-2
58.00;82.00;-2
59.00;82.00;-2
60.00;82.00;-2
61.00;82.00;-2
62.00;82.00;-2
63.00;82.00;-2
64.00;82.00;-2
65.00;82.00;-2
66.00;82.00;-2
67.00;82.00;-2
68.00;82.00;-2
69.00;82.00;-2
70.00;82.00;-2
71.00;82.00;-2
72.00;82.00;-2
73.00;82.00;-2
74.00;82.00;-2
75.00;82.00;-2
76.00;82.00;-2
77.00;82.00;-2
78.00;82.00;-2
79.00;82.00;-2
80.00;82.00;-2
81.00;82.00;-2
82.00;82.00;-2
83.00;82.00;-2
84.00;82.00;-2
85.00;82.00;-2
86.00;82.00;-2
87.00;82.00;-2
88.00;82.00;-2
89.00;82.00;-2
-90.00;86.00;-2
-89.00;86.00;-2
-88.00;86.00;-2
-87.00;86.00;-2
-86.00;86.00;-2
-85.00;86.00;-2
-84.00;86.00;-2
-83.00;86.00;-2
-82.00;86.00;-2
-81.00;86.00;-2
-80.00;86.00;-2
-79.00;86.00;-2
-78.00;86.00;-2
-77.00;86.00;-2
-76.00;86.00;-2
-75.00;86.00;-2
-74.00;86.00;-2
-73.00;86.00;-2
-72.00;86.00;-2
-71.00;86.00;-2
-70.00;86.00;-2
-69.00;86.00;-2
-68.00;86.00;-2
-67.00;86.00;-2
-66.00;86.00;-2
-65.00;86.00;-2
-64.00;86.00;-2
-63.00;86.00;-2
-62.00;86.00;-2
-61.00;86.00;-2
-60.00;86.00;-2
-59.00;86.00;-2
-58.00;86.00;-2
-57.00;86.00;-2
-56.00;86.00;-2
-55.00;86.00;-2
-54.00;86.00;-2
-53.00;86.00;-2
-52.00;86.00;-2
-51.00;86.00;-2
-50.00;86.00;-2
-49.00;86.00;-2
-48.00;86.00;-2
-47.00;86.00;-2
-46.00;86.00;-2
-45.00;86.00;-2
-44.00;86.00;-2
-43.00;86.00;-2
-42.00;86.00;-2
-41.00;86.00;-2
-40.00;86.00;-2
-39.00;86.00;-2
-38.00;86.00;-2
-37.00;86.00;-2
-36.00;86.00;-2
-35.00;86.00;-2
-34.00;86.00;-2
-33.00;86.00;-2
-32.00;86.00;-2
-31.00;86.00;-2
-30.00;86.00;-2
-29.00;86.00;-2
-28.00;86.00;-2
-27.00;86.00;-2
-26.00;86.00;-2
-25.00;86.00;-2
-24.00;86.00;-2
-23.00;86.00;-2
-22.00;86.00;-2
-21.00;86.00;-2
-20.00;86.00;-2
-19.00;86.00;-2
-18.00;86.00;-2
-17.00;86.00;-2
-16.00;86.00;-2
-15.00;86.00;-2
-14.00;86.00;-2
-13.00;86.00;-2
-12.00;86.00;-2
-11.00;86.00;-2
-10.00;86.00;-2
-9.00;86.00;-2
-8.00;86.00;-2
-7.00;86.00;-2
-6.00;86.00;-2
-5.00;86.00;-2
-4.00;86.00;-2
-3.00;86.00;-2
-2.00;86.00;-2
-1.00;86.00;-2
0.00;86.00;-2
1.00;86.00;-2
2.00;86.00;-2
3.00;86.00;-2
4.00;86.00;-2
5.00;86.00;-2
6.00;86.00;-2
7.00;86.00;-2
8.00;86.00;-2
9.00;86.00;-2
10.00;86.00;-2
11.00;86.00;-2
12.00;86.00;-2
13.00;86.00;-2
14.00;86.00;-2
15.00;86.00;-2
16.00;86.00;-2
17.00;86.00;-2
18.00;86.00;-2
19.00;86.00;-2
20.00;86.00;-2
21.00;86.00;-2
22.00;86.00;-2
23.00;86.00;-2
24.00;86.00;-2
25.00;86.00;-2
26.00;86.00;-2
27.00;86.00;-2
28.00;86.00;-2
29.00;86.00;-2
30.00;86.00;-2
31.00;86.00;-2
32.00;86.00;-2
33.00;86.00;-2
34.00;86.00;-2
35.00;86.00;-2
36.00;86.00;-2
37.00;86.00;-2
38.00;86.00;-2
39.00;86.00;-2
40.00;86.00;-2
41.00;86.00;-2
42.00;86.00;-2
43.00;86.00;-2
44.00;86.00;-2
45.00;86.00;-2
46.00;86.00;-2
47.00;86.00;-2
48.00;86.00;-2
49.00;86.00;-2
50.00;86.00;-2
51.00;86.00;-2
52.00;86.00;-2
53.00;86.00;-2
54.00;86.00;-2
55.00;86.00;-2
56.00;86.00;-2
57.00;86.00;-2
58.00;86.00;-2
59.00;86.00;-2
60.00;86.00;-2
61.00;86.00;-2
62.00;86.00;-2
63.00;86.00;-2
64.00;86.00;-2
65.00;86.00;-2
66.00;86.00;-2
67.00;86.00;-2
68.00;86.00;-2
69.00;86.00;-2
70.00;86.00;-2
71.00;86.00;-2
72.00;86.00;-2
73.00;86.00;-2
74.00;86.00;-2
75.00;86.00;-2
76.00;86.00;-2
77.00;86.00;-2
78.00;86.00;-2
79.00;86.00;-2
80.00;86.00;-2
81.00;86.00;-2
82.00;86.00;-2
83.00;86.00;-2
84.00;86.00;-2
85.00;86.00;-2
86.00;86.00;-2
87.00;86.00;-2
88.00;86.00;-2
89.00;86.00;-2
